City,City_Code,House_Type,House_Type_Code,Year_Built,House_Age,Price,Area_in_SqFt,Bedrooms,Bathrooms,Garage,Listing_Date,Listing_Year
Houston,1,Townhouse,2,1993.0,33.0,0.35559617295409207,0.33852313167259784,4.0,3.0,Yes,2019-07-01,2019
San Francisco,4,Townhouse,2,1998.0,28.0,0.45691300027770465,0.0066725978647686895,4.0,2.0,Yes,2014-10-07,2014
Chicago,0,Townhouse,2,2010.0,16.0,0.3604343597849742,0.8947953736654803,1.0,4.0,No,2022-04-22,2022
San Francisco,4,Townhouse,2,2016.0,10.0,0.14269166642908654,0.5702846975088968,5.0,2.0,Yes,2011-11-21,2011
San Francisco,4,Townhouse,2,1955.0,71.0,0.6276887468335851,0.6229982206405694,3.0,3.0,Yes,2014-10-18,2014
Chicago,0,Townhouse,2,1955.0,71.0,0.4317854725573861,0.5163677654991572,5.0,3.0,No,2023-01-20,2023
Chicago,0,Apartment,0,2022.0,4.0,0.45571242881836094,0.15947508896797155,3.0,1.0,Yes,2015-01-20,2015
Chicago,0,Townhouse,2,1981.0,45.0,0.30874220869247526,0.2157473309608541,4.0,4.0,Yes,2012-07-18,2012
San Francisco,4,Villa,3,1990.0,36.0,0.4915500676311362,0.8265124555160143,3.0,3.0,No,2013-01-05,2013
Houston,1,Condo,1,1957.0,69.0,0.49519718620683817,0.9786476868327403,5.0,4.0,,2012-05-28,2012
Chicago,0,Apartment,0,2021.0,5.0,0.19723055512439167,0.4904359430604982,2.0,3.0,No,2014-07-30,2014
Houston,1,Condo,1,2011.0,15.0,0.6440057483826074,0.6734875444839857,3.0,1.0,Yes,2015-08-07,2015
Los Angeles,2,,4,1956.0,70.0,0.6906685926493771,0.7947064056939501,2.0,4.0,No,2017-03-01,2017
San Francisco,4,Villa,3,1955.0,71.0,0.7005920496193966,0.7302046263345195,3.0,4.0,Yes,2010-02-01,2010
Houston,1,Condo,1,1971.0,55.0,0.12839673554377862,0.042704626334519574,1.0,1.0,,2020-08-12,2020
Los Angeles,2,Townhouse,2,1975.0,51.0,0.34558507532345206,0.8883451957295374,3.0,4.0,Yes,2013-01-22,2013
San Francisco,4,Apartment,0,1952.0,74.0,0.631609346506886,0.10809608540925267,5.0,2.0,Yes,2018-07-13,2018
Houston,1,Condo,1,1990.0,36.0,0.10801553034742659,0.48976868327402134,5.0,1.0,No,2016-12-23,2016
New York,3,Villa,3,2009.0,17.0,0.03821871941156159,0.5905249110320284,4.0,2.0,No,2013-07-15,2013
Chicago,0,Apartment,0,1961.0,65.0,0.19430462415355487,0.24466192170818504,1.0,3.0,No,2018-11-02,2018
Chicago,0,Condo,1,1961.0,65.0,0.5737643986741974,0.27557829181494664,5.0,2.0,No,2021-10-01,2021
Los Angeles,2,Apartment,0,1962.0,64.0,0.7281629567213522,0.11410142348754448,2.0,4.0,No,2012-11-01,2012
Unknown,5,Apartment,0,1974.0,52.0,0.7853437361741578,0.0867437722419929,4.0,2.0,Yes,2013-12-16,2013
Houston,1,Condo,1,1994.0,32.0,0.26803048205531077,0.1396797153024911,4.0,4.0,Yes,2021-07-02,2021
Chicago,0,Condo,1,1968.0,58.0,0.5071099805817861,0.826067615658363,5.0,4.0,No,2019-05-18,2019
Houston,1,Townhouse,2,2004.0,22.0,0.26404863951073276,0.410364768683274,5.0,4.0,Yes,2022-10-18,2022
Houston,1,Condo,1,1994.0,32.0,0.7937846932946446,0.5163677654991572,2.0,3.0,Yes,2023-06-07,2023
New York,3,,4,1957.0,69.0,0.9207971287652486,0.21730427046263343,2.0,2.0,Yes,2019-01-16,2019
San Francisco,4,Apartment,0,2004.0,22.0,0.6092747048991128,0.8605427046263345,4.0,1.0,Yes,2017-02-24,2017
Chicago,0,Villa,3,1981.0,45.0,0.11660431508823724,0.061165480427046254,4.0,1.0,No,2017-05-21,2017
San Francisco,4,Condo,1,2000.0,26.0,0.6598053532604965,0.051156583629893254,5.0,1.0,Yes,2022-08-27,2022
New York,3,Villa,3,1993.0,33.0,0.5071099805817861,0.34475088967971534,1.0,4.0,Yes,2013-04-02,2013
Houston,1,Townhouse,2,1967.0,59.0,0.3903293282607341,0.535364768683274,1.0,2.0,,2017-08-09,2017
New York,3,Villa,3,1971.0,55.0,0.9749558892940069,0.780693950177936,1.0,3.0,No,2018-12-17,2018
Houston,1,Apartment,0,1986.0,40.0,0.32582580204403355,0.005115658362989328,5.0,2.0,No,2017-04-09,2017
Los Angeles,2,Villa,3,2005.0,21.0,0.19427400271791637,0.10186832740213522,1.0,2.0,,2022-12-09,2022
Unknown,5,Apartment,0,2008.0,18.0,0.49970276089199184,0.8367437722419929,2.0,2.0,No,2017-03-18,2017
New York,3,Apartment,0,1952.0,74.0,0.4380090153730165,0.7626779359430605,2.0,3.0,No,2011-09-28,2011
Los Angeles,2,Apartment,0,1977.0,49.0,0.8847250775831028,0.7742437722419929,3.0,1.0,No,2021-11-24,2021
San Francisco,4,Condo,1,1984.0,42.0,0.10173074466051915,0.44306049822064053,5.0,2.0,No,2017-01-15,2017
Los Angeles,2,Townhouse,2,2010.0,16.0,0.5071099805817861,0.5163677654991572,3.0,3.0,Yes,2022-11-09,2022
Houston,1,Apartment,0,2012.0,14.0,0.8590854327495198,0.7052935943060499,3.0,4.0,No,2018-03-01,2018
Houston,1,Condo,1,1956.0,70.0,0.7492051625628662,0.047375444839857644,5.0,3.0,Yes,2018-08-10,2018
Houston,1,Apartment,0,1998.0,28.0,0.14695015780598467,0.38278469750889677,5.0,1.0,Yes,2017-07-28,2017
San Francisco,4,Villa,3,1980.0,46.0,0.6042200561956139,0.5163677654991572,1.0,2.0,No,2013-07-07,2013
Chicago,0,Villa,3,2007.0,19.0,0.9616904721930966,0.5791814946619217,4.0,3.0,Yes,2023-01-23,2023
New York,3,Townhouse,2,2010.0,16.0,0.9194254996309588,0.03469750889679715,1.0,1.0,No,2012-04-26,2012
Houston,1,Apartment,0,1973.0,53.0,0.3513503525160788,0.736432384341637,5.0,3.0,Yes,2023-08-27,2023
Los Angeles,2,,4,1969.0,57.0,0.851936911395292,0.631450177935943,2.0,3.0,Yes,2021-10-31,2021
Houston,1,Villa,3,1986.0,40.0,0.6229096910508326,0.3945729537366548,2.0,3.0,,2018-07-18,2018
Los Angeles,2,Condo,1,1953.0,73.0,0.6132164228038887,0.45596085409252674,1.0,3.0,Yes,2016-08-07,2016
Los Angeles,2,Condo,1,1969.0,57.0,0.6760980688433227,0.510008896797153,5.0,3.0,No,2013-08-30,2013
Houston,1,Villa,3,2009.0,17.0,0.5006720877166861,0.3767793594306049,2.0,1.0,Yes,2014-07-07,2014
San Francisco,4,Condo,1,1973.0,53.0,0.15199107965902503,0.6652580071174378,5.0,2.0,No,2016-01-05,2016
Los Angeles,2,Villa,3,1999.0,27.0,0.4889937057111089,0.5487099644128114,2.0,2.0,,2020-12-21,2020
Los Angeles,2,Condo,1,1998.0,28.0,0.6922609073025787,0.43238434163701067,5.0,2.0,Yes,2012-01-27,2012
Houston,1,Villa,3,2000.0,26.0,0.7588678093741716,0.8467526690391459,3.0,2.0,Yes,2018-03-21,2018
Los Angeles,2,Townhouse,2,2015.0,11.0,0.0888697416923517,0.8100533807829181,5.0,4.0,Yes,2019-03-20,2019
Houston,1,Villa,3,1983.0,43.0,0.07625265429771849,0.5556049822064058,1.0,4.0,No,2014-10-20,2014
New York,3,Townhouse,2,1955.0,71.0,0.1310871982336711,0.587855871886121,4.0,1.0,No,2019-05-04,2019
San Francisco,4,Villa,3,1988.0,38.0,0.7388699000790877,0.5220195729537367,1.0,3.0,No,2021-02-07,2021
San Francisco,4,Villa,3,1991.0,35.0,0.4884034511413875,0.4292704626334519,4.0,3.0,No,2010-08-11,2010
Los Angeles,2,Condo,1,2007.0,19.0,0.5639042963986023,0.7322064056939501,2.0,3.0,Yes,2010-02-14,2010
San Francisco,4,Townhouse,2,1961.0,65.0,0.2975579933034088,0.390346975088968,4.0,2.0,No,2022-07-08,2022
New York,3,Villa,3,1967.0,59.0,0.8039795195391156,0.5705071174377224,4.0,4.0,No,2016-09-11,2016
Houston,1,Townhouse,2,1989.0,37.0,0.1448626206246984,0.7778024911032029,1.0,2.0,,2016-11-03,2016
Unknown,5,Apartment,0,1964.0,62.0,0.7142090852743627,0.7348754448398577,4.0,2.0,,2022-11-03,2022
Unknown,5,Townhouse,2,1975.0,51.0,0.3394766268693594,0.13723309608540926,1.0,4.0,No,2012-11-04,2012
New York,3,Apartment,0,1957.0,69.0,0.48640461053229556,0.7184163701067615,1.0,3.0,Yes,2018-04-28,2018
San Francisco,4,Apartment,0,1991.0,35.0,0.8091038584064815,0.8498665480427047,4.0,4.0,No,2012-08-03,2012
San Francisco,4,Apartment,0,1993.0,33.0,0.03396445168095842,0.5289145907473309,3.0,4.0,No,2016-09-14,2016
New York,3,Villa,3,1963.0,63.0,0.5071099805817861,0.5163677654991572,3.0,4.0,Yes,2012-09-16,2012
New York,3,Villa,3,1951.0,75.0,0.8472961800286996,0.7920373665480427,2.0,3.0,Yes,2020-11-11,2020
Unknown,5,Condo,1,1986.0,40.0,0.7630354923557281,0.35653914590747326,1.0,1.0,Yes,2012-04-02,2012
New York,3,Condo,1,2018.0,8.0,0.5420427031758651,0.8340747330960854,4.0,3.0,No,2022-05-25,2022
Houston,1,Townhouse,2,1987.0,39.0,0.567254703822083,0.4199288256227758,1.0,4.0,No,2020-12-11,2020
Chicago,0,Condo,1,1990.0,36.0,0.502328812975886,0.28314056939501775,5.0,3.0,No,2017-06-28,2017
Chicago,0,Apartment,0,2011.0,15.0,0.24989731259945366,0.609653024911032,1.0,4.0,No,2015-10-28,2015
New York,3,Apartment,0,2009.0,17.0,0.5071099805817861,0.5540480427046264,1.0,1.0,No,2013-10-10,2013
Chicago,0,Villa,3,1963.0,63.0,0.9919402269576336,0.07873665480427047,3.0,2.0,No,2020-11-11,2020
Chicago,0,Apartment,0,1951.0,75.0,0.4757293445217723,0.19283807829181496,4.0,1.0,Yes,2011-01-04,2011
New York,3,Townhouse,2,2019.0,7.0,0.8332778979757118,0.5163677654991572,1.0,1.0,Yes,2019-03-12,2019
Chicago,0,Apartment,0,1966.0,60.0,0.49291219356126237,0.4446174377224199,3.0,2.0,No,2012-02-08,2012
San Francisco,4,Apartment,0,1977.0,49.0,0.7406818443396275,0.2849199288256228,2.0,3.0,No,2016-12-22,2016
Los Angeles,2,Townhouse,2,2015.0,11.0,0.5071099805817861,0.13723309608540926,3.0,2.0,No,2019-06-02,2019
Los Angeles,2,Condo,1,1984.0,42.0,0.48955228293361797,0.19572953736654805,3.0,3.0,,2013-02-12,2013
New York,3,Condo,1,1954.0,72.0,0.5071099805817861,0.17660142348754446,3.0,3.0,No,2012-01-17,2012
Houston,1,Townhouse,2,2014.0,12.0,0.285934518699666,0.8096085409252669,1.0,4.0,Yes,2021-04-21,2021
New York,3,Villa,3,1989.0,37.0,0.2890441782843337,0.7613434163701067,1.0,4.0,Yes,2011-10-11,2011
Los Angeles,2,Townhouse,2,1985.0,41.0,0.9280618003925878,0.05382562277580072,5.0,1.0,Yes,2017-11-11,2017
New York,3,Apartment,0,1994.0,32.0,0.12023348316718563,0.6434608540925267,5.0,2.0,No,2010-08-11,2010
Chicago,0,Apartment,0,1996.0,30.0,0.8829764880169874,0.11499110320284697,2.0,4.0,No,2023-07-27,2023
Houston,1,Townhouse,2,1980.0,46.0,0.6105734761348145,0.7139679715302492,5.0,2.0,Yes,2018-12-17,2018
Chicago,0,Apartment,0,1960.0,66.0,0.14066114847278227,0.535364768683274,5.0,2.0,,2017-06-06,2017
Chicago,0,Condo,1,1959.0,67.0,0.8204760260556739,0.0011120996441281172,3.0,4.0,No,2016-12-23,2016
New York,3,Villa,3,2016.0,10.0,0.3272027107361921,0.5611654804270463,1.0,4.0,Yes,2021-08-22,2021
Chicago,0,Villa,3,1963.0,63.0,0.5872600044981832,0.7608985765124555,1.0,4.0,Yes,2020-01-20,2020
San Francisco,4,Villa,3,1959.0,67.0,0.7736495154949743,0.4486209964412812,3.0,3.0,No,2013-08-20,2013
Chicago,0,Townhouse,2,1950.0,76.0,0.44614270222554475,0.9519572953736655,3.0,4.0,Yes,2011-10-11,2011
New York,3,Villa,3,1954.0,72.0,0.5970208510858466,0.8151690391459074,3.0,1.0,Yes,2021-05-22,2021
San Francisco,4,Condo,1,1969.0,57.0,0.8801202472100176,0.81605871886121,1.0,2.0,No,2020-04-19,2020
Chicago,0,Condo,1,1992.0,34.0,0.143114031058583,0.018460854092526707,3.0,4.0,Yes,2019-04-18,2019
Los Angeles,2,Apartment,0,2006.0,20.0,0.6190207687247439,0.9408362989323844,3.0,3.0,Yes,2011-09-15,2011
Houston,1,Apartment,0,1977.0,49.0,0.5071099805817861,0.8044928825622776,3.0,1.0,,2011-12-07,2011
Chicago,0,Townhouse,2,1996.0,30.0,0.5356787241209271,0.7964857651245552,3.0,4.0,No,2014-08-14,2014
New York,3,Townhouse,2,1986.0,40.0,0.14778538386081394,0.8912366548042705,4.0,1.0,Yes,2023-05-07,2023
Unknown,5,Condo,1,1993.0,33.0,0.09518092516860266,0.4928825622775801,5.0,1.0,No,2017-12-12,2017
Houston,1,Apartment,0,2005.0,21.0,0.12966277352069427,0.49266014234875444,3.0,1.0,No,2020-09-05,2020
Unknown,5,Condo,1,1977.0,49.0,0.7933612727535744,0.5264679715302492,4.0,2.0,Yes,2016-04-28,2016
Chicago,0,Villa,3,2010.0,16.0,0.17051071275087137,0.5562722419928826,2.0,3.0,No,2013-06-17,2013
Houston,1,,4,1951.0,75.0,0.18885928816777164,0.6305604982206405,3.0,3.0,No,2013-05-26,2013
San Francisco,4,Condo,1,2022.0,4.0,0.9638941596474944,0.5911921708185054,4.0,3.0,No,2018-02-04,2018
Chicago,0,Townhouse,2,1986.0,40.0,0.2899966105238483,0.6525800711743772,2.0,3.0,No,2010-08-08,2010
Chicago,0,Apartment,0,1969.0,57.0,0.3606571571270335,0.5163677654991572,5.0,3.0,No,2011-06-09,2011
Houston,1,Condo,1,1975.0,51.0,0.3863580448318935,0.8774466192170819,4.0,4.0,Yes,2018-02-08,2018
Los Angeles,2,Condo,1,1978.0,48.0,0.9226439181077218,0.37233096085409256,2.0,2.0,No,2017-12-27,2017
Los Angeles,2,Condo,1,1950.0,76.0,0.33225419170496984,0.26556939501779364,1.0,1.0,No,2019-05-16,2019
San Francisco,4,Villa,3,1984.0,42.0,0.9619016545078447,0.9125889679715302,1.0,3.0,No,2012-06-10,2012
New York,3,Villa,3,2019.0,7.0,0.06413923672375979,0.6194395017793595,4.0,2.0,No,2013-01-22,2013
San Francisco,4,Townhouse,2,2008.0,18.0,0.5071099805817861,0.3245106761565836,4.0,3.0,No,2020-06-30,2020
Houston,1,Apartment,0,2018.0,8.0,0.9027938364329616,0.7375444839857651,3.0,3.0,No,2015-07-14,2015
Houston,1,Townhouse,2,1982.0,44.0,0.5042759139178647,0.14768683274021352,2.0,1.0,Yes,2022-12-30,2022
Houston,1,Apartment,0,2000.0,26.0,0.2992020476237238,0.5163677654991572,4.0,1.0,Yes,2017-07-13,2017
Houston,1,Villa,3,1961.0,65.0,0.03478172723903408,0.8320729537366548,3.0,1.0,Yes,2013-11-04,2013
Chicago,0,Villa,3,2002.0,24.0,0.6536852897790927,0.5894128113879004,4.0,3.0,Yes,2011-08-07,2011
Los Angeles,2,Townhouse,2,1992.0,34.0,0.6056360336160008,0.9830960854092528,1.0,3.0,Yes,2015-06-03,2015
Houston,1,,4,1999.0,27.0,0.007954181884992223,0.8500889679715302,2.0,1.0,No,2017-08-09,2017
New York,3,Condo,1,1978.0,48.0,0.1932592716955511,0.8683274021352313,2.0,4.0,No,2021-03-05,2021
New York,3,,4,2006.0,20.0,0.8979408668400473,0.21730427046263343,1.0,2.0,No,2018-01-01,2018
New York,3,Condo,1,2005.0,21.0,0.4435134824069292,0.13923487544483984,2.0,3.0,No,2021-10-05,2021
Chicago,0,Townhouse,2,1992.0,34.0,0.4834934623234911,0.36187722419928825,4.0,3.0,No,2018-04-26,2018
New York,3,Apartment,0,1999.0,27.0,0.9292845459949801,0.8216192170818505,4.0,4.0,Yes,2021-02-08,2021
Houston,1,Villa,3,1972.0,54.0,0.6037153304633656,0.7624555160142349,3.0,3.0,No,2020-12-11,2020
San Francisco,4,Villa,3,1993.0,33.0,0.742842239419502,0.8167259786476868,1.0,2.0,Yes,2017-10-09,2017
New York,3,Townhouse,2,1987.0,39.0,0.4962942783319553,0.8734430604982206,4.0,3.0,Yes,2013-10-30,2013
Chicago,0,Condo,1,1994.0,32.0,0.044926925639539234,0.9713078291814947,1.0,4.0,No,2022-03-04,2022
New York,3,,4,2001.0,25.0,0.4580649998046563,0.025133451957295383,2.0,4.0,No,2014-03-17,2014
San Francisco,4,Apartment,0,1999.0,27.0,0.42100778312421006,0.4450622775800712,3.0,3.0,No,2021-01-08,2021
New York,3,Townhouse,2,1957.0,69.0,0.8451178344520716,0.1534697508896797,2.0,2.0,No,2018-02-26,2018
Chicago,0,Apartment,0,1950.0,76.0,0.0742728200969538,0.702846975088968,2.0,3.0,No,2012-08-03,2012
Chicago,0,Villa,3,1954.0,72.0,0.9181320079531259,0.48020462633451955,4.0,1.0,No,2017-10-02,2017
New York,3,Townhouse,2,1996.0,30.0,0.7910298199987539,0.5163677654991572,2.0,1.0,No,2013-06-17,2013
Houston,1,Villa,3,1983.0,43.0,0.04651396073487221,0.5163677654991572,3.0,3.0,Yes,2022-03-22,2022
New York,3,Villa,3,2014.0,12.0,0.6473857213301528,0.9804270462633451,3.0,1.0,No,2013-07-07,2013
New York,3,Villa,3,2004.0,22.0,0.8375997440470344,0.8416370106761566,5.0,2.0,No,2020-07-30,2020
Los Angeles,2,Apartment,0,1992.0,34.0,0.32698519295200135,0.23620996441281136,3.0,4.0,Yes,2010-10-06,2010
Unknown,5,Townhouse,2,1979.0,47.0,0.06073497781001827,0.9337188612099645,2.0,4.0,No,2015-08-09,2015
Unknown,5,Condo,1,1966.0,60.0,0.5071036451123436,0.4250444839857651,3.0,1.0,No,2022-08-26,2022
Los Angeles,2,Apartment,0,1975.0,51.0,0.5168792744620394,0.270017793594306,1.0,1.0,No,2015-02-05,2015
Chicago,0,Villa,3,1957.0,69.0,0.03148939495210913,0.5335854092526691,3.0,1.0,No,2010-07-13,2010
New York,3,Apartment,0,1996.0,30.0,0.7948469403378282,0.3936832740213523,4.0,3.0,No,2020-05-01,2020
San Francisco,4,Villa,3,2021.0,5.0,0.2335792551388576,0.4354982206405694,1.0,4.0,No,2014-10-20,2014
New York,3,Villa,3,1995.0,31.0,0.14286589183875384,0.6178825622775801,5.0,1.0,Yes,2014-11-23,2014
New York,3,Apartment,0,2017.0,9.0,0.11383043538401919,0.6381227758007118,4.0,2.0,No,2019-06-30,2019
Unknown,5,Townhouse,2,1982.0,44.0,0.35018779387338983,0.1463523131672598,2.0,1.0,,2012-10-30,2012
New York,3,Villa,3,1950.0,76.0,0.8955460593908022,0.5856316725978647,2.0,4.0,Yes,2014-06-14,2014
Los Angeles,2,Townhouse,2,1968.0,58.0,0.5071099805817861,0.5175711743772242,2.0,1.0,Yes,2020-07-30,2020
Los Angeles,2,Condo,1,1980.0,46.0,0.5071099805817861,0.8790035587188612,4.0,4.0,No,2019-01-19,2019
Houston,1,Villa,3,1963.0,63.0,0.8560581342676038,0.5444839857651246,4.0,1.0,Yes,2014-10-05,2014
San Francisco,4,Townhouse,2,2002.0,24.0,0.1324567155448134,0.2513345195729537,4.0,2.0,No,2017-08-09,2017
New York,3,Townhouse,2,1997.0,29.0,0.09114206339904271,0.15502669039145908,1.0,1.0,No,2018-02-23,2018
New York,3,Condo,1,2018.0,8.0,0.7764466252538147,0.452846975088968,1.0,2.0,Yes,2014-07-07,2014
Chicago,0,Townhouse,2,2011.0,15.0,0.7049001688402605,0.4842081850533808,2.0,2.0,No,2018-03-27,2018
Los Angeles,2,Townhouse,2,2015.0,11.0,0.5071099805817861,0.6307829181494662,3.0,1.0,No,2013-07-28,2013
San Francisco,4,Condo,1,2013.0,13.0,0.9228519326877489,0.19372775800711742,2.0,2.0,Yes,2023-03-26,2023
Houston,1,Villa,3,2019.0,7.0,0.8036300128082072,0.01801601423487545,5.0,3.0,Yes,2014-07-11,2014
Los Angeles,2,Townhouse,2,2012.0,14.0,0.6525058365512237,0.3158362989323843,1.0,1.0,Yes,2011-06-17,2011
Unknown,5,Townhouse,2,2022.0,4.0,0.910282361313934,0.5945284697508897,4.0,1.0,Yes,2012-05-10,2012
Chicago,0,Townhouse,2,1982.0,44.0,0.5815316842106374,0.7068505338078291,1.0,2.0,No,2015-07-14,2015
New York,3,Condo,1,1997.0,29.0,0.7083793974757377,0.8836743772241993,5.0,1.0,Yes,2011-08-07,2011
Houston,1,Condo,1,2022.0,4.0,0.999326328415953,0.7153024911032029,1.0,2.0,Yes,2017-10-16,2017
Los Angeles,2,Villa,3,1980.0,46.0,0.2405313769403695,0.9352758007117437,4.0,2.0,,2014-09-29,2014
Chicago,0,Villa,3,2017.0,9.0,0.5836350600655298,0.13612099644128114,5.0,4.0,No,2018-07-18,2018
New York,3,Condo,1,1968.0,58.0,0.2835777240670757,0.7924822064056939,2.0,3.0,No,2016-09-12,2016
San Francisco,4,Villa,3,1972.0,54.0,0.38023692543891596,0.9039145907473309,5.0,1.0,Yes,2014-10-05,2014
Chicago,0,Apartment,0,1950.0,76.0,0.2928686900044243,0.5484875444839857,1.0,4.0,Yes,2021-11-24,2021
Chicago,0,Villa,3,1964.0,62.0,0.7346610365461553,0.9192615658362988,1.0,4.0,Yes,2020-07-17,2020
Unknown,5,Townhouse,2,2014.0,12.0,0.5071099805817861,0.8018238434163701,3.0,1.0,Yes,2016-05-26,2016
Chicago,0,Apartment,0,2020.0,6.0,0.31873957947265663,0.5740658362989324,4.0,4.0,No,2022-06-25,2022
Los Angeles,2,Villa,3,1964.0,62.0,0.5935627406818442,0.9054715302491103,4.0,1.0,Yes,2014-04-07,2014
Chicago,0,Townhouse,2,1970.0,56.0,0.5535056792203993,0.6834964412811388,3.0,4.0,No,2011-08-27,2011
Houston,1,Townhouse,2,2009.0,17.0,0.9734110906616236,0.06383451957295375,5.0,3.0,No,2011-03-27,2011
Unknown,5,Condo,1,1982.0,44.0,0.36596522460823033,0.5163677654991572,4.0,2.0,Yes,2012-07-17,2012
New York,3,Condo,1,1998.0,28.0,0.3048680691284189,0.722864768683274,3.0,1.0,Yes,2010-04-25,2010
New York,3,Apartment,0,1984.0,42.0,0.6941414858154118,0.06138790035587188,3.0,4.0,Yes,2016-09-14,2016
New York,3,Apartment,0,1960.0,66.0,0.39266606057342335,0.12855871886120995,2.0,1.0,No,2023-08-02,2023
Chicago,0,Townhouse,2,2021.0,5.0,0.5071099805817861,0.055827402135231324,1.0,1.0,No,2013-12-25,2013
Houston,1,Villa,3,2015.0,11.0,0.7201749856660002,0.9506227758007118,4.0,4.0,No,2020-07-15,2020
Los Angeles,2,Condo,1,1952.0,74.0,0.21602683704855816,0.15502669039145908,5.0,2.0,Yes,2022-05-21,2022
Los Angeles,2,Villa,3,1975.0,51.0,0.31930343625303437,0.30649466192170816,5.0,1.0,No,2021-11-24,2021
Los Angeles,2,Townhouse,2,2015.0,11.0,0.2369201593581747,0.6060943060498221,5.0,1.0,No,2016-05-26,2016
New York,3,Townhouse,2,2019.0,7.0,0.07551562801924713,0.7015124555160143,5.0,3.0,No,2011-08-08,2011
Houston,1,Apartment,0,1975.0,51.0,0.9159557741996454,0.957517793594306,5.0,3.0,No,2018-12-17,2018
Los Angeles,2,Townhouse,2,1961.0,65.0,0.756373746236995,0.07540035587188612,5.0,4.0,No,2016-03-25,2016
New York,3,Condo,1,1954.0,72.0,0.9293447329546833,0.44150355871886127,1.0,2.0,No,2018-09-29,2018
Unknown,5,Apartment,0,1997.0,29.0,0.21124989308895312,0.9023576512455516,3.0,3.0,Yes,2019-11-18,2019
San Francisco,4,Condo,1,1986.0,40.0,0.9734955635875229,0.69105871886121,2.0,1.0,No,2017-01-13,2017
San Francisco,4,Apartment,0,1993.0,33.0,0.6426826911807096,0.907473309608541,1.0,1.0,No,2010-08-11,2010
Chicago,0,Townhouse,2,1964.0,62.0,0.6083961864697602,0.6218861209964412,4.0,2.0,Yes,2011-09-30,2011
New York,3,Villa,3,1992.0,34.0,0.5965815918711702,0.7201957295373665,3.0,3.0,Yes,2019-02-26,2019
New York,3,Townhouse,2,1997.0,29.0,0.4314169594181504,0.4417259786476868,3.0,1.0,Yes,2022-05-24,2022
Chicago,0,Condo,1,1995.0,31.0,0.33614839358892723,0.4108096085409253,4.0,4.0,Yes,2021-08-18,2021
Chicago,0,Townhouse,2,1992.0,34.0,0.292841236303507,0.0673932384341637,4.0,4.0,Yes,2011-11-22,2011
Houston,1,Townhouse,2,1970.0,56.0,0.45222792062501516,0.8031583629893239,2.0,4.0,Yes,2018-11-02,2018
Houston,1,Condo,1,1996.0,30.0,0.5217839837220671,0.2520017793594306,3.0,2.0,Yes,2020-09-01,2020
Chicago,0,Condo,1,1964.0,62.0,0.9293267824579298,0.04515124555160144,5.0,2.0,No,2016-06-30,2016
New York,3,Townhouse,2,1974.0,52.0,0.4303768865180154,0.7669039145907474,5.0,1.0,No,2013-06-08,2013
Houston,1,Villa,3,1985.0,41.0,0.27835940906964685,0.5163677654991572,4.0,1.0,Yes,2012-03-21,2012
Chicago,0,Villa,3,1964.0,62.0,0.015558857039076113,0.8000444839857651,1.0,2.0,No,2020-10-25,2020
New York,3,Townhouse,2,2017.0,9.0,0.9796293539193852,0.5669483985765125,2.0,1.0,Yes,2011-06-17,2011
San Francisco,4,Condo,1,1968.0,58.0,0.8969050175862071,0.6018683274021353,4.0,4.0,,2020-02-11,2020
Unknown,5,Villa,3,1983.0,43.0,0.5104329343043496,0.44239323843416367,1.0,1.0,No,2015-07-23,2015
Los Angeles,2,Apartment,0,2017.0,9.0,0.18971774427722324,0.059830960854092535,4.0,4.0,Yes,2022-10-31,2022
Unknown,5,Condo,1,2001.0,25.0,0.14168538269931122,0.8096085409252669,1.0,3.0,,2019-07-06,2019
Chicago,0,Apartment,0,1976.0,50.0,0.8079539707026774,0.9083629893238434,5.0,3.0,No,2019-05-26,2019
San Francisco,4,Townhouse,2,1978.0,48.0,0.6255051216990883,0.40480427046263345,1.0,3.0,No,2022-09-21,2022
Houston,1,Apartment,0,1984.0,42.0,0.41219408921819245,0.9668594306049823,1.0,2.0,No,2015-02-18,2015
New York,3,Apartment,0,1957.0,69.0,0.30982029440926495,0.1152135231316726,2.0,2.0,No,2020-06-22,2020
Houston,1,Condo,1,1967.0,59.0,0.32640972114431244,0.9125889679715302,3.0,4.0,Yes,2017-12-29,2017
Chicago,0,Villa,3,1951.0,75.0,0.9004053644531591,0.6163256227758007,5.0,4.0,Yes,2023-04-04,2023
New York,3,Condo,1,1998.0,28.0,0.5744053369994583,0.5671708185053381,1.0,4.0,Yes,2010-05-04,2010
Chicago,0,Condo,1,1988.0,38.0,0.4978770897809933,0.033362989323843434,5.0,3.0,No,2011-08-23,2011
Chicago,0,Apartment,0,1962.0,64.0,0.7949208541479901,0.6588078291814946,1.0,3.0,Yes,2013-05-13,2013
San Francisco,4,Apartment,0,1980.0,46.0,0.6372320756370577,0.6481316725978647,1.0,4.0,No,2013-08-03,2013
Chicago,0,Condo,1,2020.0,6.0,0.7121004298616016,0.6223309608540926,5.0,3.0,No,2012-05-24,2012
Chicago,0,Apartment,0,2005.0,21.0,0.3300494483389983,0.5800711743772242,5.0,1.0,Yes,2017-11-25,2017
Los Angeles,2,Villa,3,1991.0,35.0,0.7452497178076318,0.861432384341637,5.0,1.0,No,2012-06-24,2012
New York,3,Condo,1,1991.0,35.0,0.8923667096422676,0.5636120996441282,5.0,2.0,No,2013-05-13,2013
New York,3,Apartment,0,1985.0,41.0,0.59796166829805,0.8567615658362989,5.0,1.0,Yes,2020-03-03,2020
San Francisco,4,Condo,1,2017.0,9.0,0.8069096741562474,0.7766903914590747,3.0,4.0,No,2020-03-31,2020
Houston,1,Townhouse,2,1956.0,70.0,0.6337739652330554,0.42526690391459077,4.0,3.0,No,2011-11-21,2011
Unknown,5,Apartment,0,2003.0,23.0,0.19963908942409522,0.6828291814946619,5.0,3.0,No,2016-10-04,2016
Houston,1,Condo,1,1993.0,33.0,0.5263634722173826,0.08985765124555162,1.0,4.0,Yes,2017-06-28,2017
New York,3,Apartment,0,1962.0,64.0,0.43640402978092996,0.5163677654991572,2.0,1.0,Yes,2015-09-20,2015
Houston,1,Condo,1,1970.0,56.0,0.7571910217950707,0.7755782918149466,2.0,3.0,No,2017-07-28,2017
Unknown,5,Townhouse,2,1958.0,68.0,0.7943612210139073,0.15080071174377221,4.0,2.0,No,2012-07-07,2012
San Francisco,4,Villa,3,1975.0,51.0,0.6930253872819674,0.5609430604982206,3.0,3.0,No,2011-10-03,2011
Chicago,0,Apartment,0,1958.0,68.0,0.913815441439672,0.47108540925266906,2.0,2.0,Yes,2013-07-07,2013
Houston,1,Condo,1,1964.0,62.0,0.45219096371993417,0.5163677654991572,2.0,1.0,No,2023-03-10,2023
New York,3,Condo,1,1959.0,67.0,0.39449701124229053,0.30271352313167255,4.0,1.0,Yes,2017-01-01,2017
San Francisco,4,Apartment,0,1991.0,35.0,0.5071099805817861,0.29559608540925264,1.0,4.0,No,2019-08-10,2019
San Francisco,4,Villa,3,2021.0,5.0,0.6810513500357425,0.5093416370106761,1.0,2.0,No,2014-06-18,2014
New York,3,Apartment,0,1973.0,53.0,0.4963354588833312,0.3416370106761566,5.0,1.0,No,2022-03-22,2022
Unknown,5,Villa,3,1998.0,28.0,0.19176726864185484,0.7575622775800712,4.0,2.0,Yes,2015-10-06,2015
Chicago,0,Condo,1,1975.0,51.0,0.17373969034337186,0.12411032028469751,3.0,1.0,No,2012-02-07,2012
Houston,1,Villa,3,1986.0,40.0,0.8978859594382127,0.24399466192170818,3.0,3.0,,2020-06-30,2020
New York,3,Townhouse,2,2017.0,9.0,0.13988716528923,0.4228202846975089,4.0,1.0,Yes,2020-11-16,2020
Houston,1,Condo,1,1999.0,27.0,0.15934761559327973,0.03825622775800713,3.0,4.0,Yes,2016-09-04,2016
San Francisco,4,Townhouse,2,1973.0,53.0,0.06869655107602668,0.4790925266903915,1.0,3.0,Yes,2018-05-21,2018
San Francisco,4,Apartment,0,1968.0,58.0,0.2990014244247129,0.49555160142348753,3.0,4.0,Yes,2015-09-08,2015
Chicago,0,Apartment,0,1988.0,38.0,0.03786393312278456,0.9248220640569396,4.0,2.0,No,2012-01-10,2012
Los Angeles,2,Villa,3,1967.0,59.0,0.22346151043926973,0.87144128113879,4.0,4.0,No,2015-01-29,2015
Los Angeles,2,Apartment,0,2004.0,22.0,0.30070988935102616,0.7048487544483986,4.0,1.0,,2018-08-09,2018
Chicago,0,Condo,1,2018.0,8.0,0.7074449157329767,0.34808718861209964,5.0,3.0,No,2017-09-05,2017
Los Angeles,2,Apartment,0,1996.0,30.0,0.7929325726546355,0.25556049822064053,5.0,3.0,No,2013-06-18,2013
Los Angeles,2,Townhouse,2,1998.0,28.0,0.587591560732338,0.08140569395017794,1.0,1.0,No,2016-12-14,2016
Chicago,0,Condo,1,1982.0,44.0,0.008763010150477951,0.008896797153024924,3.0,1.0,Yes,2023-03-09,2023
Los Angeles,2,Condo,1,1970.0,56.0,0.1023041046450606,0.4237099644128114,2.0,2.0,No,2010-01-20,2010
Los Angeles,2,Condo,1,1971.0,55.0,0.9112633031659395,0.7758007117437722,1.0,1.0,,2017-01-02,2017
New York,3,Condo,1,1984.0,42.0,0.45960979843703964,0.40524911032028477,2.0,4.0,No,2010-08-08,2010
San Francisco,4,Apartment,0,1981.0,45.0,0.15607006606838716,0.5163677654991572,4.0,2.0,No,2013-06-26,2013
Los Angeles,2,Apartment,0,1959.0,67.0,0.3390975546143863,0.8718861209964412,4.0,4.0,No,2019-11-22,2019
Chicago,0,Townhouse,2,2022.0,4.0,0.34973586371982857,0.22019572953736652,4.0,1.0,No,2017-10-30,2017
Los Angeles,2,,4,2006.0,20.0,0.5218547297975078,0.5302491103202847,5.0,4.0,No,2012-02-08,2012
New York,3,Condo,1,1974.0,52.0,0.45140219777434953,0.49777580071174377,2.0,3.0,Yes,2011-08-16,2011
San Francisco,4,Apartment,0,1951.0,75.0,0.9188542514695648,0.327846975088968,4.0,2.0,No,2016-01-05,2016
Houston,1,,4,2013.0,13.0,0.9492317715345244,0.7573398576512456,5.0,2.0,No,2019-11-25,2019
Los Angeles,2,Villa,3,1984.0,42.0,0.5071099805817861,0.08607651245551601,2.0,4.0,Yes,2023-08-01,2023
Houston,1,Villa,3,1967.0,59.0,0.7001390635542616,0.412144128113879,3.0,3.0,No,2016-06-03,2016
San Francisco,4,Townhouse,2,2016.0,10.0,0.2677749514544654,0.5163677654991572,1.0,3.0,Yes,2018-01-02,2018
Houston,1,Townhouse,2,1991.0,35.0,0.5481543193646791,0.6141014234875445,5.0,4.0,No,2013-10-07,2013
New York,3,Apartment,0,1988.0,38.0,0.9067292188682949,0.8142793594306049,2.0,4.0,Yes,2021-02-24,2021
Houston,1,Villa,3,1990.0,36.0,0.4951137691925127,0.32895907473309605,4.0,3.0,Yes,2015-12-19,2015
Chicago,0,Villa,3,1973.0,53.0,0.9020378037461629,0.8294039145907474,3.0,1.0,No,2020-12-11,2020
Houston,1,Townhouse,2,2009.0,17.0,0.9091366972564249,0.09986654804270462,2.0,3.0,No,2017-07-13,2017
Los Angeles,2,Villa,3,1995.0,31.0,0.06530601901274379,0.5500444839857651,5.0,1.0,,2018-06-12,2018
Los Angeles,2,Condo,1,1968.0,58.0,0.10928262423591598,0.7161921708185054,1.0,2.0,Yes,2021-06-30,2021
Chicago,0,Condo,1,2017.0,9.0,0.10946635284974693,0.5163677654991572,3.0,2.0,No,2023-03-20,2023
New York,3,,4,1991.0,35.0,0.7387442466018125,0.6875,2.0,3.0,No,2015-03-21,2015
Los Angeles,2,Villa,3,1981.0,45.0,0.9844326956683338,0.19572953736654805,2.0,1.0,No,2013-10-03,2013
Los Angeles,2,Condo,1,1985.0,41.0,0.8219099539728144,0.9043594306049823,5.0,3.0,No,2012-12-10,2012
New York,3,Apartment,0,1952.0,74.0,0.06305481553752762,0.7284252669039146,5.0,3.0,No,2020-07-14,2020
Houston,1,Townhouse,2,2022.0,4.0,0.494353512859419,0.5163677654991572,4.0,2.0,No,2018-12-21,2018
Los Angeles,2,,4,1957.0,69.0,0.9334385021260778,0.8218416370106761,2.0,4.0,Yes,2016-02-08,2016
Houston,1,Townhouse,2,1990.0,36.0,0.7245263972613877,0.7224199288256228,5.0,3.0,No,2016-12-27,2016
San Francisco,4,Villa,3,2017.0,9.0,0.1422851404731962,0.024466192170818524,5.0,1.0,No,2010-04-25,2010
New York,3,Townhouse,2,1962.0,64.0,0.2346795149986959,0.7106316725978647,2.0,1.0,,2014-08-17,2014
San Francisco,4,Villa,3,1998.0,28.0,0.21191617329198384,0.5284697508896797,5.0,2.0,No,2023-02-12,2023
Houston,1,Villa,3,2009.0,17.0,0.851978091946668,0.427491103202847,4.0,1.0,Yes,2023-05-13,2023
Houston,1,Villa,3,2009.0,17.0,0.7197906338531586,0.3162811387900356,5.0,2.0,Yes,2020-12-11,2020
San Francisco,4,Apartment,0,1954.0,72.0,0.09727374190775767,0.5163677654991572,2.0,3.0,No,2014-08-19,2014
San Francisco,4,Villa,3,1976.0,50.0,0.5535278533634479,0.11432384341637011,2.0,2.0,No,2017-05-06,2017
Houston,1,Apartment,0,1981.0,45.0,0.5071099805817861,0.5814056939501779,1.0,3.0,No,2015-12-06,2015
Houston,1,Condo,1,1957.0,69.0,0.23084338825129427,0.6899466192170819,2.0,3.0,Yes,2013-10-03,2013
San Francisco,4,Apartment,0,2021.0,5.0,0.8992290789600115,0.5163677654991572,4.0,2.0,Yes,2016-12-28,2016
Los Angeles,2,,4,1999.0,27.0,0.16939461421742696,0.8783362989323843,3.0,3.0,Yes,2018-07-30,2018
Houston,1,Condo,1,2016.0,10.0,0.9070745019529083,0.7913701067615658,3.0,2.0,No,2020-10-17,2020
Chicago,0,Apartment,0,2007.0,19.0,0.21814288384233546,0.3271797153024911,3.0,2.0,No,2018-07-05,2018
New York,3,Apartment,0,1952.0,74.0,0.5071099805817861,0.9028024911032029,3.0,4.0,,2016-12-10,2016
Chicago,0,Townhouse,2,2019.0,7.0,0.24717622847392265,0.5791814946619217,1.0,4.0,Yes,2015-05-13,2015
Houston,1,Apartment,0,1951.0,75.0,0.7665812434203509,0.09986654804270462,4.0,1.0,No,2010-01-20,2010
Los Angeles,2,Apartment,0,1993.0,33.0,0.32772855469991513,0.8369661921708185,4.0,3.0,No,2022-11-28,2022
Los Angeles,2,Apartment,0,1951.0,75.0,0.8684577038780463,0.5418149466192171,1.0,2.0,Yes,2017-11-06,2017
Los Angeles,2,Villa,3,1979.0,47.0,0.6568392976498575,0.3440836298932384,3.0,4.0,Yes,2017-02-27,2017
San Francisco,4,Townhouse,2,1957.0,69.0,0.8390231128484376,0.7722419928825622,5.0,3.0,No,2021-04-21,2021
New York,3,Condo,1,1971.0,55.0,0.4964357704828366,0.027802491103202848,3.0,2.0,No,2014-09-24,2014
Houston,1,Apartment,0,1993.0,33.0,0.15441017307446603,0.6136565836298933,1.0,3.0,Yes,2023-08-11,2023
San Francisco,4,Villa,3,2007.0,19.0,0.4023477137930561,0.9906583629893237,4.0,2.0,Yes,2019-04-03,2019
Los Angeles,2,Villa,3,2018.0,8.0,0.24195580165334632,0.04426156583629895,5.0,4.0,Yes,2013-07-23,2013
Los Angeles,2,Condo,1,1980.0,46.0,0.728363579920363,0.5264679715302492,3.0,4.0,No,2011-04-29,2011
New York,3,Apartment,0,1996.0,30.0,0.7695029507448927,0.11454626334519574,2.0,1.0,No,2012-05-28,2012
Los Angeles,2,Townhouse,2,2004.0,22.0,0.7539810506108975,0.5163677654991572,3.0,4.0,No,2019-11-19,2019
New York,3,Townhouse,2,2011.0,15.0,0.8939062287167823,0.4417259786476868,1.0,3.0,No,2014-10-07,2014
San Francisco,4,Villa,3,1979.0,47.0,0.5891595894193435,0.7880338078291815,4.0,1.0,No,2016-11-03,2016
San Francisco,4,Condo,1,2004.0,22.0,0.9266965067277405,0.8451957295373665,4.0,4.0,No,2012-04-03,2012
New York,3,Condo,1,1965.0,61.0,0.18116169279519853,0.5163677654991572,1.0,3.0,Yes,2021-04-22,2021
San Francisco,4,Condo,1,1961.0,65.0,0.9336444048829574,0.8122775800711743,2.0,3.0,No,2013-01-05,2013
San Francisco,4,Townhouse,2,1966.0,60.0,0.7083751738294427,0.5409252669039146,1.0,3.0,No,2015-02-24,2015
San Francisco,4,Villa,3,1965.0,61.0,0.7783863348147771,0.04559608540925267,3.0,2.0,Yes,2022-05-29,2022
Chicago,0,Apartment,0,1961.0,65.0,0.6345384452124441,0.5851868327402135,1.0,1.0,No,2021-10-09,2021
Houston,1,Townhouse,2,1957.0,69.0,0.7448431918517414,0.9152580071174377,1.0,3.0,Yes,2018-11-02,2018
Los Angeles,2,Villa,3,1952.0,74.0,0.5930991955009719,0.033585409252669035,2.0,2.0,No,2010-06-18,2010
Chicago,0,Villa,3,1965.0,61.0,0.331666048958396,0.5163677654991572,3.0,4.0,Yes,2015-08-07,2015
San Francisco,4,,4,1979.0,47.0,0.3468268273341717,0.9590747330960854,5.0,3.0,Yes,2010-05-02,2010
Unknown,5,Apartment,0,1972.0,54.0,0.08439584435441039,0.3371886120996441,5.0,2.0,No,2014-08-29,2014
San Francisco,4,Apartment,0,1954.0,72.0,0.013813435207681968,0.577846975088968,4.0,3.0,No,2020-03-28,2020
Houston,1,Condo,1,2014.0,12.0,0.7571466735089736,0.48776690391459077,1.0,1.0,No,2023-07-21,2023
San Francisco,4,Apartment,0,1979.0,47.0,0.46316399679425235,1.0,4.0,1.0,No,2012-01-05,2012
New York,3,Villa,3,1970.0,56.0,0.35432274359616023,0.7900355871886121,2.0,4.0,Yes,2017-06-26,2017
Houston,1,Apartment,0,2019.0,7.0,0.8106127560453577,0.5364768683274022,5.0,3.0,Yes,2015-10-30,2015
San Francisco,4,,4,1971.0,55.0,0.34472239556770556,0.6332295373665481,1.0,2.0,Yes,2012-02-08,2012
Houston,1,Townhouse,2,2021.0,5.0,0.0857431875225041,0.3870106761565836,2.0,4.0,No,2022-01-31,2022
Los Angeles,2,Condo,1,1981.0,45.0,0.686675135077488,0.2900355871886121,2.0,3.0,Yes,2022-10-13,2022
Los Angeles,2,Townhouse,2,1982.0,44.0,0.7802426273614141,0.8556494661921709,1.0,4.0,No,2015-01-29,2015
San Francisco,4,Townhouse,2,1965.0,61.0,0.8040207000904915,0.5163677654991572,2.0,2.0,No,2020-07-01,2020
Houston,1,Villa,3,1987.0,39.0,0.1842079976854418,0.9326067615658362,1.0,4.0,Yes,2010-05-18,2010
New York,3,Townhouse,2,1963.0,63.0,0.9352683968833713,0.567838078291815,1.0,4.0,No,2022-10-27,2022
San Francisco,4,Villa,3,1985.0,41.0,0.5061691633695827,0.5122330960854092,3.0,4.0,Yes,2022-12-13,2022
Unknown,5,Apartment,0,1972.0,54.0,0.45559099898738076,0.24154804270462635,4.0,3.0,No,2015-12-22,2015
San Francisco,4,Villa,3,1951.0,75.0,0.07016637998667438,0.2613434163701067,2.0,1.0,No,2011-11-28,2011
Los Angeles,2,Condo,1,2014.0,12.0,0.9247494057857618,0.12388790035587188,3.0,1.0,Yes,2018-06-24,2018
Houston,1,Townhouse,2,2016.0,10.0,0.8504227341985472,0.6588078291814946,3.0,1.0,No,2022-11-09,2022
Los Angeles,2,Condo,1,2001.0,25.0,0.7881155040552283,0.28225088967971534,5.0,3.0,No,2017-07-20,2017
Los Angeles,2,Townhouse,2,2011.0,15.0,0.5019698030408141,0.5163677654991572,5.0,3.0,Yes,2019-03-21,2019
Chicago,0,Apartment,0,1972.0,54.0,0.736167822361884,0.6479092526690391,5.0,2.0,No,2018-06-12,2018
Los Angeles,2,Condo,1,1975.0,51.0,0.7649551395967895,0.13500889679715303,1.0,2.0,No,2015-05-13,2015
New York,3,Apartment,0,2017.0,9.0,0.25664141982093847,0.5469306049822064,2.0,4.0,No,2014-07-24,2014
San Francisco,4,Townhouse,2,2004.0,22.0,0.6756746483022524,0.9159252669039146,4.0,1.0,Yes,2018-11-04,2018
San Francisco,4,Villa,3,1955.0,71.0,0.3169540330014603,0.0625,1.0,2.0,Yes,2011-06-28,2011
New York,3,Apartment,0,1992.0,34.0,0.53534083241733,0.2422153024911032,3.0,3.0,Yes,2015-08-12,2015
Houston,1,Apartment,0,1964.0,62.0,0.12447296813575642,0.18104982206405693,3.0,2.0,No,2013-08-21,2013
Houston,1,Villa,3,1961.0,65.0,0.8078800568925155,0.4266014234875445,3.0,2.0,,2019-03-06,2019
Houston,1,Townhouse,2,1998.0,28.0,0.9787138785849516,0.7760231316725978,2.0,1.0,No,2022-03-04,2022
Los Angeles,2,Condo,1,1991.0,35.0,0.9275264532247011,0.6988434163701067,3.0,3.0,,2021-05-10,2021
Chicago,0,Townhouse,2,1987.0,39.0,0.5071099805817861,0.4650800711743772,5.0,1.0,Yes,2014-10-30,2014
Houston,1,Villa,3,1994.0,32.0,0.8244557567771044,0.038478647686832734,3.0,2.0,Yes,2020-07-30,2020
New York,3,Apartment,0,1984.0,42.0,0.8396608834389772,0.6009786476868327,2.0,4.0,Yes,2023-08-07,2023
New York,3,Villa,3,1979.0,47.0,0.5357494701963678,0.08162811387900357,1.0,3.0,,2022-11-27,2022
Chicago,0,Condo,1,2016.0,10.0,0.35798675675704206,0.7758007117437722,2.0,3.0,Yes,2019-06-28,2019
San Francisco,4,Condo,1,1956.0,70.0,0.4136987632107736,0.39524021352313166,4.0,2.0,No,2021-06-12,2021
Houston,1,Villa,3,2001.0,25.0,0.7713381250600548,0.3029359430604982,4.0,2.0,No,2017-08-29,2017
Chicago,0,Condo,1,1963.0,63.0,0.5377240248392637,0.9919928825622775,5.0,4.0,Yes,2014-01-05,2014
New York,3,Villa,3,2022.0,4.0,0.647813365517518,0.7428825622775801,4.0,3.0,No,2013-01-05,2013
New York,3,Apartment,0,1964.0,62.0,0.5332490715897487,0.8171708185053381,2.0,3.0,No,2014-10-18,2014
Los Angeles,2,,4,1970.0,56.0,0.6514720991205312,0.5391459074733096,2.0,2.0,Yes,2019-01-30,2019
Chicago,0,Apartment,0,1984.0,42.0,0.1543299237948617,0.015569395017793614,3.0,1.0,No,2013-01-20,2013
Houston,1,Villa,3,2015.0,11.0,0.187144487772016,0.6583629893238434,3.0,2.0,No,2018-11-10,2018
San Francisco,4,Townhouse,2,1951.0,75.0,0.5571834192317398,0.19061387900355872,3.0,3.0,No,2012-01-15,2012
San Francisco,4,Townhouse,2,1984.0,42.0,0.7780252130565577,0.8572064056939501,4.0,2.0,Yes,2018-05-17,2018
Houston,1,Condo,1,1969.0,57.0,0.45750642258214724,0.9199288256227758,4.0,4.0,Yes,2017-07-20,2017
San Francisco,4,Villa,3,1974.0,52.0,0.8726465050910776,0.23620996441281136,3.0,2.0,No,2018-08-09,2018
Chicago,0,Apartment,0,2015.0,11.0,0.7104246981940744,0.49266014234875444,1.0,4.0,No,2014-11-25,2014
Chicago,0,,4,2003.0,23.0,0.7885230859226924,0.5020017793594306,1.0,2.0,Yes,2023-04-21,2023
New York,3,Condo,1,1982.0,44.0,0.6787843078869202,0.8338523131672598,4.0,3.0,Yes,2013-10-16,2013
Los Angeles,2,Townhouse,2,1985.0,41.0,0.21002925930970837,0.46352313167259784,5.0,4.0,No,2017-11-13,2017
Unknown,5,Villa,3,1963.0,63.0,0.7844018630503806,0.08140569395017794,5.0,3.0,No,2022-01-28,2022
Los Angeles,2,,4,2003.0,23.0,0.8032129277365795,0.032918149466192176,4.0,4.0,No,2012-06-24,2012
Los Angeles,2,Villa,3,2001.0,25.0,0.5591400233778822,0.2517793594306049,4.0,4.0,No,2021-07-21,2021
Unknown,5,Villa,3,1990.0,36.0,0.45202518560285676,0.925711743772242,4.0,3.0,No,2018-11-10,2018
Houston,1,Condo,1,1974.0,52.0,0.5071099805817861,0.5,2.0,1.0,No,2014-08-19,2014
San Francisco,4,Townhouse,2,1957.0,69.0,0.7712061361133372,0.6690391459074733,4.0,1.0,No,2014-07-28,2014
Los Angeles,2,Villa,3,1970.0,56.0,0.7174127209890934,0.8672153024911032,4.0,1.0,Yes,2011-12-20,2011
San Francisco,4,Townhouse,2,2017.0,9.0,0.9860577435803215,0.29693060498220636,5.0,3.0,Yes,2016-02-08,2016
San Francisco,4,Apartment,0,2017.0,9.0,0.40203621987880245,0.9839857651245552,5.0,4.0,Yes,2022-07-22,2022
Houston,1,,4,1994.0,32.0,0.11957776207989237,0.3445284697508897,3.0,2.0,Yes,2011-11-28,2011
New York,3,Villa,3,2009.0,17.0,0.261599980571227,0.9855427046263345,4.0,4.0,No,2021-05-22,2021
San Francisco,4,Apartment,0,1961.0,65.0,0.8241653810943256,0.36187722419928825,4.0,3.0,No,2016-11-03,2016
San Francisco,4,Villa,3,1981.0,45.0,0.7456520201172272,0.2947064056939501,3.0,3.0,Yes,2023-07-12,2023
New York,3,Townhouse,2,1962.0,64.0,0.8176176734255566,0.33896797153024905,5.0,3.0,Yes,2018-05-17,2018
Houston,1,Condo,1,1980.0,46.0,0.1382072099754078,0.3716637010676156,2.0,2.0,Yes,2018-06-07,2018
Los Angeles,2,Villa,3,1969.0,57.0,0.7783124210046153,0.30226868327402134,5.0,1.0,No,2017-12-29,2017
Chicago,0,Villa,3,2012.0,14.0,0.21389706340432227,0.9715302491103204,4.0,3.0,No,2011-12-26,2011
New York,3,Villa,3,1955.0,71.0,0.006001801385144799,0.5258007117437723,5.0,1.0,No,2013-01-30,2013
Chicago,0,Townhouse,2,1981.0,45.0,0.5846730211425174,0.5163677654991572,4.0,3.0,Yes,2014-09-24,2014
Houston,1,Apartment,0,1992.0,34.0,0.9956042401185154,0.5409252669039146,1.0,4.0,Yes,2016-06-01,2016
Los Angeles,2,Townhouse,2,1951.0,75.0,0.16038557667026732,0.442838078291815,4.0,2.0,No,2014-02-18,2014
New York,3,Apartment,0,2009.0,17.0,0.7216215845220257,0.19283807829181496,2.0,3.0,No,2018-10-29,2018
San Francisco,4,Condo,1,1972.0,54.0,0.21159939981986145,0.22508896797153025,2.0,4.0,No,2015-10-10,2015
Houston,1,Apartment,0,1980.0,46.0,0.9730182915561918,0.4245996441281139,5.0,3.0,Yes,2023-05-29,2023
New York,3,Apartment,0,1954.0,72.0,0.5071099805817861,0.13345195729537365,4.0,1.0,Yes,2021-07-16,2021
San Francisco,4,Condo,1,1983.0,43.0,0.3011079680143266,0.8494217081850534,5.0,3.0,Yes,2018-08-10,2018
New York,3,,4,1960.0,66.0,0.8954109027093634,0.1083185053380783,5.0,1.0,,2011-06-27,2011
New York,3,Condo,1,1999.0,27.0,0.9821297525260044,0.5680604982206405,3.0,1.0,No,2013-01-13,2013
Unknown,5,Condo,1,2005.0,21.0,0.7953632810973876,0.06494661921708186,4.0,3.0,No,2019-02-26,2019
New York,3,Condo,1,2022.0,4.0,0.0603432346161603,0.8952402135231317,4.0,4.0,Yes,2012-04-30,2012
San Francisco,4,Villa,3,1958.0,68.0,0.17453690358154644,0.6318950177935944,4.0,1.0,No,2010-09-26,2010
Chicago,0,Villa,3,1970.0,56.0,0.24726809278083814,0.6472419928825622,4.0,1.0,No,2013-05-11,2013
Chicago,0,Condo,1,2022.0,4.0,0.45734170037664357,0.38145017793594305,1.0,3.0,Yes,2016-09-17,2016
Houston,1,Condo,1,2011.0,15.0,0.5803839083299808,0.4161476868327403,3.0,1.0,Yes,2015-01-20,2015
Houston,1,Villa,3,1956.0,70.0,0.41613475121139454,0.7241992882562277,4.0,3.0,Yes,2013-08-07,2013
San Francisco,4,Villa,3,1965.0,61.0,0.4294519079794181,0.6261120996441281,1.0,4.0,Yes,2019-03-12,2019
New York,3,Apartment,0,1953.0,73.0,0.0,0.09830960854092527,4.0,1.0,,2015-12-10,2015
Chicago,0,Apartment,0,1953.0,73.0,0.13795695893243115,0.8093861209964412,1.0,4.0,Yes,2016-02-23,2016
Houston,1,Condo,1,1989.0,37.0,0.908642530639914,0.5163677654991572,4.0,4.0,Yes,2023-03-15,2023
New York,3,Townhouse,2,1966.0,60.0,0.5601526425771,0.16436832740213522,2.0,3.0,Yes,2017-12-10,2017
Houston,1,Townhouse,2,2001.0,25.0,0.8277385858598656,0.45351423487544484,2.0,4.0,Yes,2013-04-03,2013
Houston,1,,4,2001.0,25.0,0.5071099805817861,0.1505782918149466,5.0,3.0,Yes,2013-04-22,2013
Chicago,0,Villa,3,1985.0,41.0,0.6953241067780019,0.5482651245551602,4.0,2.0,No,2020-08-29,2020
Los Angeles,2,Villa,3,1987.0,39.0,0.7698925821156032,0.8218416370106761,3.0,3.0,Yes,2010-10-06,2010
San Francisco,4,Condo,1,1999.0,27.0,0.05041555399984583,0.3016014234875445,5.0,4.0,Yes,2011-04-15,2011
San Francisco,4,Townhouse,2,2012.0,14.0,0.3927579248803388,0.013345195729537379,2.0,2.0,Yes,2020-05-11,2020
Chicago,0,Apartment,0,2012.0,14.0,0.6996227227947022,0.5687277580071174,4.0,3.0,No,2011-08-08,2011
Houston,1,Condo,1,2011.0,15.0,0.2585367810958039,0.837855871886121,5.0,4.0,No,2017-02-23,2017
New York,3,Apartment,0,1956.0,70.0,0.13062470896437248,0.9673042704626333,4.0,1.0,Yes,2014-08-17,2014
Houston,1,Apartment,0,1976.0,50.0,0.19597929990950838,0.029359430604982223,2.0,1.0,Yes,2019-09-17,2019
Chicago,0,Condo,1,1963.0,63.0,0.763847488355935,0.8100533807829181,5.0,3.0,No,2010-12-15,2010
San Francisco,4,Apartment,0,2020.0,6.0,0.13535941646102786,0.47442170818505336,2.0,3.0,No,2022-12-15,2022
Houston,1,Townhouse,2,1954.0,72.0,0.5514772730872425,0.7286476868327402,1.0,1.0,No,2016-06-14,2016
San Francisco,4,Apartment,0,2004.0,22.0,0.7359249626999236,0.1823843416370107,2.0,4.0,Yes,2014-11-25,2014
New York,3,Townhouse,2,1951.0,75.0,0.6380218974942161,0.6832740213523132,4.0,4.0,Yes,2016-06-23,2016
San Francisco,4,Townhouse,2,2011.0,15.0,0.7863120070872783,0.5163677654991572,3.0,4.0,No,2015-12-19,2015
San Francisco,4,Townhouse,2,1970.0,56.0,0.49088378742810557,0.0262455516014235,2.0,3.0,Yes,2013-10-07,2013
Los Angeles,2,Villa,3,1970.0,56.0,0.5512639789493468,0.3636565836298933,3.0,2.0,No,2014-09-27,2014
Los Angeles,2,Apartment,0,1959.0,67.0,0.4130958377021674,0.2050711743772242,1.0,2.0,No,2023-04-04,2023
Los Angeles,2,Condo,1,2007.0,19.0,0.6774253496915154,0.14279359430604985,5.0,2.0,No,2014-07-31,2014
San Francisco,4,Villa,3,2014.0,12.0,0.6566365626276992,0.4595195729537367,5.0,3.0,No,2021-06-22,2021
Chicago,0,Villa,3,1962.0,64.0,0.9986875019138397,0.05315836298932386,2.0,3.0,Yes,2011-07-08,2011
Chicago,0,Townhouse,2,2002.0,24.0,0.1632428733888109,0.5929715302491103,3.0,2.0,No,2012-08-03,2012
Los Angeles,2,Apartment,0,1994.0,32.0,0.5071099805817861,0.17793594306049823,4.0,3.0,Yes,2019-03-12,2019
Houston,1,Apartment,0,1981.0,45.0,0.8868157824991103,0.925711743772242,2.0,3.0,No,2012-09-19,2012
New York,3,Condo,1,1985.0,41.0,0.5910021551155219,0.0429270462633452,2.0,2.0,Yes,2022-11-11,2022
Los Angeles,2,Apartment,0,2009.0,17.0,0.05926409298779682,0.48598754448398573,2.0,4.0,No,2017-06-06,2017
Los Angeles,2,Villa,3,1960.0,66.0,0.48066889886373343,0.7813612099644128,4.0,3.0,No,2013-07-30,2013
New York,3,Condo,1,1970.0,56.0,0.14994261120596716,0.5242437722419929,5.0,3.0,No,2012-03-07,2012
San Francisco,4,Townhouse,2,2001.0,25.0,0.757014684562256,0.8016014234875445,3.0,3.0,No,2021-02-18,2021
San Francisco,4,Condo,1,2004.0,22.0,0.7311427391824498,0.06094306049822065,1.0,2.0,Yes,2012-04-17,2012
Los Angeles,2,Condo,1,1975.0,51.0,0.8865940410686246,0.012900355871886121,3.0,3.0,Yes,2016-06-29,2016
New York,3,Townhouse,2,2017.0,9.0,0.9177666625486114,0.75355871886121,5.0,1.0,No,2022-06-03,2022
Los Angeles,2,,4,1983.0,43.0,0.8492686228484481,0.4250444839857651,4.0,1.0,No,2012-05-10,2012
Chicago,0,Condo,1,2001.0,25.0,0.5071099805817861,0.8729982206405694,2.0,2.0,No,2015-05-13,2015
Unknown,5,Apartment,0,2001.0,25.0,0.5071099805817861,0.5758451957295374,2.0,4.0,Yes,2017-12-12,2017
Los Angeles,2,Apartment,0,1978.0,48.0,0.6302746742776772,0.12544483985765126,4.0,4.0,Yes,2019-07-31,2019
San Francisco,4,Townhouse,2,1987.0,39.0,0.18537583588599954,0.8747775800711743,1.0,4.0,No,2012-11-26,2012
San Francisco,4,Apartment,0,1991.0,35.0,0.5071099805817861,0.34897686832740216,1.0,1.0,Yes,2017-01-02,2017
San Francisco,4,Apartment,0,1970.0,56.0,0.24700833853369783,0.26645907473309605,3.0,4.0,No,2018-08-06,2018
Chicago,0,Condo,1,1991.0,35.0,0.08700922549941978,0.9802046263345197,4.0,4.0,No,2013-06-17,2013
San Francisco,4,Villa,3,1962.0,64.0,0.6334666949650968,0.6343416370106761,1.0,2.0,No,2013-09-01,2013
New York,3,,4,2013.0,13.0,0.47432181439397536,0.6434608540925267,4.0,4.0,,2011-10-13,2011
Houston,1,Villa,3,1966.0,60.0,0.5336365911373118,0.27446619217081847,5.0,1.0,No,2015-11-12,2015
New York,3,Apartment,0,1958.0,68.0,0.1559275180059321,0.029804270462633453,2.0,1.0,No,2020-12-12,2020
New York,3,Apartment,0,1990.0,36.0,0.6908987813724526,0.2284252669039146,2.0,1.0,No,2012-01-17,2012
San Francisco,4,Townhouse,2,1950.0,76.0,0.08239911556846582,0.4790925266903915,2.0,2.0,Yes,2014-10-18,2014
Houston,1,Townhouse,2,1951.0,75.0,0.9237621284643137,0.5765124555160143,4.0,2.0,Yes,2011-06-28,2011
Houston,1,Townhouse,2,2009.0,17.0,0.8653279819734775,0.1465747330960854,4.0,3.0,Yes,2013-04-15,2013
Houston,1,Villa,3,1997.0,29.0,0.25070191721864443,0.5493772241992882,3.0,4.0,No,2018-04-20,2018
San Francisco,4,Apartment,0,1959.0,67.0,0.9529580834782572,0.5129003558718861,3.0,1.0,No,2013-08-07,2013
Houston,1,Apartment,0,2007.0,19.0,0.21592758136062654,0.01868327402135231,2.0,1.0,Yes,2013-10-19,2013
Chicago,0,Apartment,0,2009.0,17.0,0.730672858532135,0.5582740213523132,3.0,2.0,No,2013-07-15,2013
Chicago,0,Condo,1,1983.0,43.0,0.8558173864287908,0.5564946619217082,3.0,3.0,Yes,2018-05-05,2018
Chicago,0,Villa,3,1957.0,69.0,0.8297226437069253,0.7357651245551602,4.0,1.0,Yes,2012-07-07,2012
San Francisco,4,Townhouse,2,2008.0,18.0,0.9701525475450583,0.37766903914590744,3.0,3.0,Yes,2021-04-21,2021
San Francisco,4,Villa,3,2021.0,5.0,0.4334084086462263,0.8158362989323843,2.0,3.0,No,2023-09-08,2023
Los Angeles,2,Condo,1,1998.0,28.0,0.5071099805817861,0.6000889679715302,3.0,4.0,Yes,2011-05-02,2011
Houston,1,Townhouse,2,1966.0,60.0,0.1658076826014282,0.8067170818505338,1.0,1.0,Yes,2010-04-25,2010
Los Angeles,2,Villa,3,2009.0,17.0,0.04480971945485397,0.3658807829181494,2.0,1.0,,2018-10-08,2018
Houston,1,Condo,1,1994.0,32.0,0.02506100529117289,0.7375444839857651,1.0,2.0,Yes,2010-02-12,2010
Houston,1,Apartment,0,2018.0,8.0,0.292118992787068,0.8196174377224199,2.0,2.0,No,2019-10-04,2019
San Francisco,4,,4,1981.0,45.0,0.5592318876847976,0.5163677654991572,4.0,4.0,Yes,2011-10-31,2011
New York,3,Apartment,0,1993.0,33.0,0.09369736940749632,0.10720640569395018,4.0,3.0,No,2018-09-29,2018
New York,3,Villa,3,2014.0,12.0,0.5071099805817861,0.14301601423487545,4.0,2.0,No,2010-09-26,2010
Chicago,0,Townhouse,2,1957.0,69.0,0.5997947307900646,0.6866103202846975,1.0,2.0,No,2020-12-08,2020
Houston,1,Villa,3,1992.0,34.0,0.16726589648476475,0.15969750889679715,2.0,1.0,Yes,2011-11-09,2011
New York,3,Townhouse,2,1950.0,76.0,0.8792903007130569,0.1103202846975089,4.0,2.0,No,2015-07-03,2015
Houston,1,Townhouse,2,2000.0,26.0,0.5657880426461566,0.3716637010676156,2.0,1.0,No,2017-06-26,2017
New York,3,Apartment,0,1973.0,53.0,0.5159944205632443,0.6817170818505338,1.0,4.0,No,2022-11-09,2022
New York,3,Villa,3,1973.0,53.0,0.6212497980569114,0.024911032028469754,5.0,2.0,No,2012-01-05,2012
New York,3,Condo,1,1966.0,60.0,0.1295835801526637,0.662144128113879,1.0,1.0,Yes,2016-02-08,2016
San Francisco,4,Apartment,0,1954.0,72.0,0.9367466730866089,0.38567615658362986,2.0,4.0,Yes,2016-12-18,2016
Los Angeles,2,Villa,3,1969.0,57.0,0.13515562552729582,0.8027135231316725,5.0,1.0,No,2010-03-05,2010
Houston,1,Apartment,0,1970.0,56.0,0.7528850143973542,0.5006672597864769,5.0,1.0,No,2013-09-02,2013
San Francisco,4,Apartment,0,2000.0,26.0,0.44235092376424023,0.7468861209964412,2.0,4.0,Yes,2018-06-06,2018
Houston,1,Condo,1,2007.0,19.0,0.9575988148448495,0.6679270462633452,1.0,1.0,Yes,2017-12-27,2017
Chicago,0,Townhouse,2,1954.0,72.0,0.27690858656732653,0.003558718861209967,4.0,1.0,Yes,2015-08-12,2015
Houston,1,Condo,1,1957.0,69.0,0.29636270140193377,0.4982206405693951,1.0,4.0,Yes,2013-01-13,2013
New York,3,Apartment,0,2013.0,13.0,0.18987190736698945,0.09919928825622776,4.0,2.0,Yes,2019-06-04,2019
Los Angeles,2,Apartment,0,1959.0,67.0,0.2015460657262718,0.432829181494662,2.0,3.0,No,2023-03-15,2023
New York,3,Condo,1,1987.0,39.0,0.14963428502643472,0.20974199288256226,1.0,2.0,Yes,2012-04-02,2012
New York,3,Villa,3,1957.0,69.0,0.623283483747937,0.9417259786476868,2.0,4.0,No,2021-01-08,2021
San Francisco,4,,4,2022.0,4.0,0.5897572353700811,0.6616992882562278,2.0,3.0,Yes,2010-08-08,2010
Chicago,0,Apartment,0,2015.0,11.0,0.5894520769252699,0.9310498220640568,4.0,2.0,Yes,2022-12-30,2022
New York,3,Villa,3,1999.0,27.0,0.4448027504384672,0.8925711743772242,4.0,2.0,Yes,2016-06-15,2016
Chicago,0,Townhouse,2,2016.0,10.0,0.7478261420475603,0.05249110320284697,2.0,2.0,Yes,2010-09-27,2010
Los Angeles,2,Apartment,0,1985.0,41.0,0.7627335016456381,0.5794039145907474,3.0,3.0,Yes,2013-08-30,2013
Houston,1,Apartment,0,2017.0,9.0,0.5122786677352491,0.9648576512455516,4.0,1.0,No,2022-10-31,2022
Houston,1,Villa,3,1990.0,36.0,0.4349796050679532,0.7531138790035588,4.0,1.0,No,2019-09-14,2019
San Francisco,4,Condo,1,2011.0,15.0,0.5704984641766159,0.6605871886120996,3.0,1.0,,2016-02-08,2016
Houston,1,,4,1970.0,56.0,0.5576036720380888,0.5971975088967971,1.0,4.0,No,2020-06-11,2020
Houston,1,Condo,1,1985.0,41.0,0.4427035982298698,0.9261565836298933,2.0,4.0,Yes,2020-07-10,2020
Los Angeles,2,Apartment,0,1951.0,75.0,0.8721217170389282,0.978202846975089,4.0,1.0,No,2010-02-28,2010
Houston,1,Townhouse,2,1962.0,64.0,0.7459149420990887,0.18104982206405693,5.0,1.0,Yes,2016-01-17,2016
Houston,1,Townhouse,2,1981.0,45.0,0.12996793196550546,0.042259786476868344,4.0,1.0,No,2020-10-25,2020
Houston,1,Villa,3,1965.0,61.0,0.6022835143693726,0.3945729537366548,5.0,1.0,No,2020-07-07,2020
New York,3,Apartment,0,1981.0,45.0,0.9145408526908322,0.055160142348754465,2.0,1.0,No,2019-01-19,2019
Chicago,0,Apartment,0,1959.0,67.0,0.27683467275716456,0.822508896797153,2.0,1.0,Yes,2010-06-26,2010
New York,3,,4,1964.0,62.0,0.20172134704751285,0.5473754448398577,2.0,3.0,No,2017-04-20,2017
New York,3,Apartment,0,1989.0,37.0,0.1054718393662841,0.8654359430604982,4.0,2.0,No,2013-06-26,2013
San Francisco,4,Townhouse,2,1967.0,59.0,0.6687795457257226,0.24332740213523132,4.0,4.0,No,2011-08-23,2011
Houston,1,Condo,1,2004.0,22.0,0.9124110790465962,0.5954181494661922,5.0,2.0,No,2012-07-07,2012
San Francisco,4,,4,2022.0,4.0,0.5938932410044252,0.410364768683274,4.0,2.0,Yes,2013-08-28,2013
Houston,1,Condo,1,1974.0,52.0,0.7411876259834496,0.8678825622775801,5.0,2.0,No,2011-11-22,2011
San Francisco,4,Villa,3,2008.0,18.0,0.8509654727474502,0.11165480427046262,4.0,3.0,Yes,2023-04-21,2023
Chicago,0,Townhouse,2,1979.0,47.0,0.12598714533250127,0.5493772241992882,1.0,2.0,No,2011-09-15,2011
San Francisco,4,Villa,3,1993.0,33.0,0.8073880020991521,0.5658362989323843,5.0,3.0,Yes,2014-03-17,2014
Los Angeles,2,Villa,3,1981.0,45.0,0.5071099805817861,0.30805160142348753,4.0,2.0,No,2015-03-21,2015
San Francisco,4,Apartment,0,1995.0,31.0,0.1896374949976189,0.8483096085409253,2.0,2.0,Yes,2012-04-17,2012
New York,3,Apartment,0,1970.0,56.0,0.5103326227048441,0.1590302491103203,3.0,3.0,Yes,2018-05-17,2018
Los Angeles,2,Villa,3,1981.0,45.0,0.6462580077693972,0.7744661921708185,5.0,1.0,Yes,2018-12-17,2018
Los Angeles,2,Condo,1,1961.0,65.0,0.656119165956566,0.14590747330960854,3.0,1.0,Yes,2018-07-08,2018
Chicago,0,Townhouse,2,1996.0,30.0,0.1645353091550701,0.8910142348754448,5.0,1.0,Yes,2017-06-13,2017
Unknown,5,Condo,1,1967.0,59.0,0.2613645122902827,0.9412811387900355,4.0,4.0,No,2013-06-08,2013
San Francisco,4,Apartment,0,1970.0,56.0,0.14208874092048035,0.8367437722419929,5.0,4.0,Yes,2012-06-16,2012
New York,3,Apartment,0,1995.0,31.0,0.7130792598904596,0.5516014234875445,5.0,3.0,No,2010-10-09,2010
Chicago,0,Villa,3,1956.0,70.0,0.9947690140636862,0.08474199288256229,5.0,3.0,Yes,2012-10-26,2012
San Francisco,4,Villa,3,1972.0,54.0,0.356624630826916,0.5794039145907474,4.0,3.0,,2015-09-19,2015
Los Angeles,2,Condo,1,1971.0,55.0,0.8282105783333279,0.042482206405693945,1.0,4.0,Yes,2020-03-25,2020
New York,3,Townhouse,2,1971.0,55.0,0.3283283124738001,0.8463078291814946,1.0,1.0,Yes,2013-12-16,2013
Chicago,0,Townhouse,2,1978.0,48.0,0.9849152472575335,0.8267348754448398,4.0,4.0,No,2020-03-25,2020
Chicago,0,Villa,3,1962.0,64.0,0.7021305127823375,0.5736209964412812,2.0,2.0,No,2014-08-17,2014
New York,3,Condo,1,1951.0,75.0,0.8837631421394245,0.5700622775800712,5.0,1.0,,2017-11-13,2017
San Francisco,4,Townhouse,2,1978.0,48.0,0.6371138135407988,0.6141014234875445,5.0,3.0,Yes,2012-11-17,2012
New York,3,Villa,3,2001.0,25.0,0.05015052019483679,0.6218861209964412,3.0,4.0,No,2013-06-08,2013
Los Angeles,2,Apartment,0,1976.0,50.0,0.05944887751320152,0.5197953736654805,4.0,4.0,Yes,2018-06-17,2018
New York,3,Townhouse,2,1999.0,27.0,0.7804031259206228,0.7571174377224199,3.0,2.0,No,2013-10-19,2013
Chicago,0,Condo,1,1972.0,54.0,0.8189618488589291,0.162144128113879,3.0,2.0,Yes,2021-11-10,2021
San Francisco,4,Condo,1,1971.0,55.0,0.30368228043110757,0.6935053380782918,5.0,2.0,No,2016-02-04,2016
New York,3,Townhouse,2,1986.0,40.0,0.5071099805817861,0.5787366548042705,1.0,2.0,Yes,2022-11-28,2022
San Francisco,4,Townhouse,2,2010.0,16.0,0.28540761882436916,0.5293594306049823,4.0,2.0,Yes,2014-05-10,2014
Unknown,5,Apartment,0,2005.0,21.0,0.08701661688043597,0.11766014234875444,3.0,4.0,Yes,2020-08-12,2020
Chicago,0,Townhouse,2,1952.0,74.0,0.4517612077094215,0.9595195729537367,5.0,4.0,Yes,2013-10-16,2013
San Francisco,4,Apartment,0,2012.0,14.0,0.961427550211235,0.1405693950177936,3.0,1.0,Yes,2012-09-01,2012
San Francisco,4,Apartment,0,1968.0,58.0,0.8401571618786355,0.3930160142348754,4.0,1.0,No,2022-02-21,2022
San Francisco,4,,4,1972.0,54.0,0.5430394837014768,0.8456405693950177,3.0,4.0,No,2014-03-05,2014
Unknown,5,Townhouse,2,1979.0,47.0,0.9799049468401317,0.0,1.0,2.0,No,2022-07-10,2022
Los Angeles,2,Apartment,0,1988.0,38.0,0.3446664322542973,0.04515124555160144,5.0,1.0,No,2014-08-19,2014
Chicago,0,Townhouse,2,1974.0,52.0,0.7241441572716933,0.9192615658362988,1.0,1.0,No,2019-03-03,2019
New York,3,Condo,1,1957.0,69.0,0.4230277419647769,0.582517793594306,2.0,1.0,No,2012-07-04,2012
New York,3,Villa,3,1965.0,61.0,0.12460178934775284,0.7097419928825622,5.0,3.0,No,2023-04-17,2023
New York,3,Condo,1,2021.0,5.0,0.22689005531920733,0.5925266903914591,4.0,1.0,Yes,2020-01-01,2020
Chicago,0,Villa,3,1950.0,76.0,0.04263242978979968,0.7348754448398577,3.0,2.0,No,2013-05-26,2013
San Francisco,4,,4,1954.0,72.0,0.3571758166684089,0.1990658362989324,1.0,1.0,No,2023-05-07,2023
San Francisco,4,Townhouse,2,1952.0,74.0,0.5596373577291143,0.24088078291814943,1.0,3.0,Yes,2020-11-30,2020
Unknown,5,Villa,3,2013.0,13.0,0.4561791417339546,0.33429715302491103,3.0,2.0,No,2018-04-20,2018
Los Angeles,2,Apartment,0,1959.0,67.0,0.009543328803472681,0.7947064056939501,3.0,3.0,Yes,2014-03-10,2014
Houston,1,,4,1970.0,56.0,0.6638389354721878,0.43438612099644125,5.0,2.0,No,2011-10-29,2011
Los Angeles,2,Apartment,0,1995.0,31.0,0.9875761444233613,0.054937722419928836,2.0,2.0,Yes,2012-01-12,2012
Los Angeles,2,Condo,1,1976.0,50.0,0.3743692248236363,0.4203736654804271,3.0,2.0,Yes,2012-12-18,2012
Los Angeles,2,Townhouse,2,2015.0,11.0,0.3545339259109085,0.7644572953736655,4.0,2.0,No,2021-07-02,2021
Chicago,0,Villa,3,1990.0,36.0,0.7053975031914926,0.4116992882562278,3.0,4.0,No,2015-11-18,2015
Chicago,0,Townhouse,2,1962.0,64.0,0.7884766258134478,0.6343416370106761,1.0,3.0,Yes,2023-08-31,2023
Los Angeles,2,Townhouse,2,1958.0,68.0,0.3556901490841551,0.33385231316725983,2.0,3.0,No,2010-02-01,2010
Unknown,5,Townhouse,2,1985.0,41.0,0.01998735017934658,0.7524466192170819,5.0,4.0,Yes,2019-08-10,2019
New York,3,Apartment,0,2007.0,19.0,0.054735288248020944,0.7938167259786477,1.0,2.0,No,2012-07-18,2012
Houston,1,Villa,3,2003.0,23.0,0.2742635280751049,0.8429715302491103,1.0,2.0,Yes,2020-07-14,2020
Chicago,0,Townhouse,2,1963.0,63.0,0.6800609049795733,0.00911921708185054,5.0,4.0,Yes,2012-05-10,2012
New York,3,,4,1983.0,43.0,0.5602043822442132,0.8029359430604982,4.0,2.0,No,2018-02-19,2018
New York,3,Apartment,0,2002.0,24.0,0.3802443168199322,0.5818505338078291,5.0,2.0,Yes,2021-03-21,2021
San Francisco,4,Villa,3,1969.0,57.0,0.41417603524210467,0.5163677654991572,3.0,2.0,Yes,2018-12-03,2018
Los Angeles,2,Apartment,0,2019.0,7.0,0.2608766811432143,0.5163677654991572,3.0,4.0,No,2018-09-26,2018
Chicago,0,Apartment,0,2005.0,21.0,0.7152005862421057,0.04826512455516016,4.0,2.0,Yes,2022-06-25,2022
Chicago,0,Condo,1,2007.0,19.0,0.04172645765952976,0.42771352313167266,3.0,1.0,Yes,2010-12-10,2010
Houston,1,Townhouse,2,1953.0,73.0,0.5859158290648107,0.6605871886120996,5.0,4.0,Yes,2011-12-24,2011
Los Angeles,2,Villa,3,1953.0,73.0,0.6159385628409934,0.7809163701067615,3.0,2.0,Yes,2019-02-26,2019
Unknown,5,Villa,3,1969.0,57.0,0.8059350677736843,0.5440391459074733,4.0,3.0,No,2018-12-10,2018
Los Angeles,2,Condo,1,1959.0,67.0,0.008294185411736876,0.7715747330960854,4.0,1.0,Yes,2013-07-28,2013
Los Angeles,2,Townhouse,2,1973.0,53.0,0.2281286395952057,0.6165480427046264,4.0,1.0,Yes,2018-05-25,2018
Chicago,0,Villa,3,1975.0,51.0,0.16571476238293897,0.21975088967971532,5.0,2.0,Yes,2019-09-01,2019
Chicago,0,Apartment,0,1986.0,40.0,0.5014671891317133,0.6548042704626335,4.0,2.0,No,2012-11-04,2012
New York,3,Condo,1,1987.0,39.0,0.020779283859652456,0.1083185053380783,3.0,3.0,No,2022-02-21,2022
New York,3,Apartment,0,1995.0,31.0,0.4873929437653173,0.7904804270462633,3.0,4.0,No,2012-03-30,2012
Houston,1,Villa,3,1953.0,73.0,0.913244193278278,0.3316281138790036,3.0,2.0,No,2013-12-25,2013
Los Angeles,2,Villa,3,2009.0,17.0,0.6264174292988007,0.8102758007117438,5.0,3.0,No,2022-06-23,2022
Chicago,0,Villa,3,2006.0,20.0,0.6142258742683852,0.6425711743772242,3.0,4.0,No,2015-02-05,2015
New York,3,Condo,1,1994.0,32.0,0.149061980953467,0.3787811387900356,5.0,3.0,No,2011-07-23,2011
San Francisco,4,Townhouse,2,1966.0,60.0,0.19578606809151375,0.7424377224199288,4.0,4.0,Yes,2010-09-27,2010
Unknown,5,Villa,3,2020.0,6.0,0.2479776653583922,0.011343416370106774,1.0,4.0,No,2015-02-05,2015
Los Angeles,2,Apartment,0,1953.0,73.0,0.8010852659154911,0.5722864768683275,4.0,4.0,Yes,2011-06-29,2011
New York,3,Condo,1,1963.0,63.0,0.8001455046148614,0.7982651245551602,4.0,3.0,Yes,2020-03-25,2020
Los Angeles,2,Villa,3,1952.0,74.0,0.5071099805817861,0.13634341637010677,5.0,2.0,No,2016-12-28,2016
New York,3,,4,2007.0,19.0,0.6737993493472881,0.2117437722419929,5.0,4.0,Yes,2018-03-27,2018
Houston,1,Condo,1,2004.0,22.0,0.18458601402884114,0.540702846975089,3.0,1.0,No,2020-01-31,2020
Houston,1,Townhouse,2,1953.0,73.0,0.479948767170442,0.36187722419928825,3.0,2.0,Yes,2010-02-05,2010
San Francisco,4,Condo,1,1973.0,53.0,0.5620469479403916,0.6181049822064058,4.0,1.0,No,2020-02-13,2020
Los Angeles,2,Condo,1,1983.0,43.0,0.5071099805817861,0.1439056939501779,2.0,1.0,No,2016-06-25,2016
San Francisco,4,,4,1979.0,47.0,0.9344173321549359,0.5215747330960854,2.0,4.0,Yes,2013-06-30,2013
San Francisco,4,,4,1980.0,46.0,0.827313053495648,0.7286476868327402,2.0,3.0,No,2020-06-13,2020
Chicago,0,,4,2009.0,17.0,0.06983271192937218,0.5867437722419929,3.0,3.0,No,2020-06-17,2020
Chicago,0,Apartment,0,1998.0,28.0,0.33040423462777535,0.7221975088967971,1.0,3.0,Yes,2015-07-23,2015
New York,3,Condo,1,2012.0,14.0,0.24572118232530735,0.0818505338078292,4.0,1.0,Yes,2016-09-14,2016
Chicago,0,Villa,3,1971.0,55.0,0.4743767217958098,0.19016903914590746,3.0,3.0,Yes,2016-05-26,2016
Houston,1,Apartment,0,1973.0,53.0,0.24362519785143108,0.08474199288256229,3.0,4.0,No,2010-04-23,2010
New York,3,,4,2007.0,19.0,0.022628185025273237,0.5163677654991572,3.0,2.0,No,2017-04-07,2017
Chicago,0,Townhouse,2,1980.0,46.0,0.5354949955070962,0.9635231316725978,2.0,2.0,No,2018-07-30,2018
Chicago,0,Villa,3,2013.0,13.0,0.8579640546582066,0.9537366548042705,2.0,1.0,Yes,2022-08-24,2022
Chicago,0,Condo,1,1968.0,58.0,0.8996197662422957,0.6056494661921709,3.0,2.0,No,2014-09-28,2014
San Francisco,4,Townhouse,2,1997.0,29.0,0.688319189397803,0.896797153024911,3.0,3.0,No,2017-07-13,2017
Unknown,5,Townhouse,2,1994.0,32.0,0.4291815946165404,0.7319839857651246,2.0,4.0,Yes,2018-01-19,2018
San Francisco,4,Townhouse,2,2004.0,22.0,0.15932966509652613,0.9450622775800712,3.0,2.0,Yes,2017-10-16,2017
Los Angeles,2,Apartment,0,2004.0,22.0,0.12661013316100855,0.8865658362989324,3.0,1.0,No,2018-04-20,2018
Chicago,0,Villa,3,1967.0,59.0,0.6690297967686993,0.20462633451957293,4.0,3.0,Yes,2012-11-17,2012
Chicago,0,Townhouse,2,2012.0,14.0,0.4773417214948751,0.6479092526690391,1.0,1.0,No,2023-04-17,2023
San Francisco,4,Condo,1,1996.0,30.0,0.5071163160512285,0.655693950177936,2.0,2.0,Yes,2023-04-20,2023
San Francisco,4,Villa,3,2006.0,20.0,0.4054447024388389,0.6770462633451957,4.0,2.0,Yes,2013-04-14,2013
Los Angeles,2,Condo,1,1994.0,32.0,0.5324212369159357,0.5163677654991572,1.0,1.0,,2014-10-20,2014
Houston,1,Villa,3,1982.0,44.0,0.445187102251309,0.27313167259786475,3.0,3.0,Yes,2011-03-28,2011
Los Angeles,2,Condo,1,1966.0,60.0,0.2918096106959619,0.5411476868327402,3.0,2.0,No,2020-07-14,2020
San Francisco,4,Apartment,0,2019.0,7.0,0.6971107091607719,0.40302491103202853,4.0,4.0,Yes,2013-05-11,2013
San Francisco,4,Townhouse,2,1953.0,73.0,0.5915945215083908,0.652135231316726,3.0,2.0,Yes,2019-08-10,2019
New York,3,Condo,1,1969.0,57.0,0.4030636218400526,0.30271352313167255,5.0,3.0,Yes,2023-07-27,2023
San Francisco,4,Villa,3,1996.0,30.0,0.7749472308191022,0.8758896797153025,4.0,2.0,Yes,2018-02-04,2018
New York,3,Townhouse,2,1964.0,62.0,0.6456973187237407,0.04470640569395018,1.0,1.0,Yes,2010-02-01,2010
Houston,1,,4,2019.0,7.0,0.12450358957139493,0.03514234875444841,4.0,2.0,No,2017-09-29,2017
Los Angeles,2,Villa,3,1996.0,30.0,0.9679974320230524,0.9975533807829182,2.0,2.0,Yes,2014-02-21,2014
Los Angeles,2,Condo,1,1958.0,68.0,0.5777641917155288,0.17037366548042707,4.0,3.0,No,2017-06-28,2017
New York,3,Apartment,0,1965.0,61.0,0.5071099805817861,0.8331850533807829,3.0,1.0,,2023-04-04,2023
Los Angeles,2,Apartment,0,2018.0,8.0,0.7023427510086594,0.5736209964412812,3.0,3.0,No,2021-10-31,2021
San Francisco,4,Condo,1,2010.0,16.0,0.16962269111735506,0.24266014234875447,5.0,2.0,Yes,2022-06-23,2022
Chicago,0,Townhouse,2,1959.0,67.0,0.3850392112762908,0.13456405693950177,5.0,4.0,No,2020-12-21,2020
New York,3,Townhouse,2,1999.0,27.0,0.15306177399479856,0.3420818505338078,5.0,2.0,No,2013-10-03,2013
Los Angeles,2,Townhouse,2,1952.0,74.0,0.11103438153675257,0.6390124555160143,1.0,3.0,Yes,2011-10-13,2011
New York,3,Condo,1,2000.0,26.0,0.013083800310226823,0.40814056939501786,1.0,3.0,Yes,2010-05-01,2010
New York,3,Townhouse,2,1984.0,42.0,0.253804185422296,0.6554715302491103,4.0,4.0,,2011-09-30,2011
Los Angeles,2,Apartment,0,1995.0,31.0,0.6794474203552296,0.46730427046263345,4.0,2.0,Yes,2019-04-23,2019
Unknown,5,Townhouse,2,1975.0,51.0,0.3632536436868631,0.08073843416370108,3.0,3.0,No,2012-05-28,2012
New York,3,Condo,1,2018.0,8.0,0.24101392852956918,0.7947064056939501,1.0,2.0,No,2017-11-25,2017
New York,3,Apartment,0,2013.0,13.0,0.1954471204763428,0.5163677654991572,2.0,1.0,Yes,2010-12-20,2010
Chicago,0,Condo,1,1986.0,40.0,0.9030219133328897,0.927491103202847,3.0,1.0,No,2019-11-22,2019
San Francisco,4,Condo,1,1998.0,28.0,0.8871251645902164,0.9615213523131672,4.0,4.0,Yes,2010-06-08,2010
Houston,1,Apartment,0,1970.0,56.0,0.7646161919816186,0.5284697508896797,1.0,1.0,Yes,2013-11-09,2013
Los Angeles,2,Condo,1,2013.0,13.0,0.35326049655297664,0.2675711743772242,5.0,1.0,Yes,2017-08-09,2017
Los Angeles,2,Townhouse,2,2019.0,7.0,0.7997030776654639,0.6078736654804271,4.0,1.0,No,2010-08-14,2010
San Francisco,4,Villa,3,1953.0,73.0,0.4256390112866387,0.7439946619217082,3.0,1.0,No,2018-06-24,2018
Los Angeles,2,Condo,1,1988.0,38.0,0.7060426651630485,0.3721085409252669,1.0,3.0,No,2023-08-11,2023
Chicago,0,Condo,1,1984.0,42.0,0.1757385309524639,0.06583629893238435,2.0,1.0,Yes,2017-12-01,2017
Chicago,0,Condo,1,1950.0,76.0,0.21348736971371066,0.2121886120996441,1.0,3.0,No,2020-06-12,2020
Chicago,0,Townhouse,2,1973.0,53.0,0.7374665935975857,0.24733096085409254,5.0,1.0,Yes,2018-04-20,2018
Chicago,0,Villa,3,2006.0,20.0,0.18740952157702503,0.5567170818505338,3.0,1.0,Yes,2014-07-31,2014
Houston,1,Apartment,0,2019.0,7.0,0.5998528059266204,0.32740213523131667,1.0,4.0,Yes,2015-12-19,2015
Chicago,0,Villa,3,2009.0,17.0,0.9226111848489359,0.7715747330960854,1.0,2.0,No,2011-08-26,2011
Chicago,0,Townhouse,2,2009.0,17.0,0.5071099805817861,0.62855871886121,3.0,4.0,Yes,2020-03-10,2020
New York,3,Apartment,0,2006.0,20.0,0.608388795088744,0.6334519572953736,4.0,2.0,No,2012-11-03,2012
San Francisco,4,Townhouse,2,1980.0,46.0,0.33620224507918806,0.5569395017793595,5.0,4.0,No,2019-12-20,2019
Houston,1,Villa,3,1973.0,53.0,0.5071099805817861,0.8380782918149466,5.0,4.0,No,2021-03-14,2021
New York,3,Apartment,0,1973.0,53.0,0.8817294564483991,0.6334519572953736,2.0,2.0,No,2020-05-01,2020
Los Angeles,2,Condo,1,1979.0,47.0,0.2084612306227027,0.03625444839857653,3.0,4.0,No,2013-09-28,2013
Houston,1,Villa,3,1956.0,70.0,0.8563411185693665,0.7749110320284698,5.0,3.0,No,2011-10-22,2011
New York,3,Villa,3,1984.0,42.0,0.990326794072957,0.5576067615658363,4.0,1.0,Yes,2022-11-30,2022
New York,3,Townhouse,2,2004.0,22.0,0.8574741116879907,0.20395907473309607,2.0,1.0,No,2022-03-31,2022
San Francisco,4,Villa,3,1963.0,63.0,0.0635648208276446,0.024688612099644125,1.0,3.0,Yes,2011-05-31,2011
Houston,1,Villa,3,1959.0,67.0,0.773593552181566,0.7789145907473309,2.0,3.0,No,2022-03-04,2022
New York,3,Condo,1,1965.0,61.0,0.7132133606603248,0.21997330960854092,1.0,3.0,Yes,2010-04-01,2010
Houston,1,Villa,3,2003.0,23.0,0.17309030472552106,0.8534252669039146,2.0,4.0,No,2019-05-16,2019
Chicago,0,Condo,1,1993.0,33.0,0.8202067686043699,0.7615658362989324,1.0,3.0,,2020-12-21,2020
New York,3,Condo,1,2022.0,4.0,0.886103042186835,0.11387900355871886,2.0,4.0,Yes,2020-10-17,2020
San Francisco,4,Condo,1,1994.0,32.0,0.48748903171852764,0.7104092526690391,2.0,3.0,Yes,2016-06-25,2016
Los Angeles,2,Apartment,0,2005.0,21.0,0.3863728275939259,0.9857651245551602,1.0,2.0,Yes,2018-01-02,2018
Los Angeles,2,Apartment,0,1970.0,56.0,0.5711890303458427,0.014457295373665496,2.0,1.0,Yes,2013-05-13,2013
New York,3,Villa,3,2017.0,9.0,0.5071099805817861,0.3545373665480427,3.0,4.0,Yes,2019-09-12,2019
Houston,1,Apartment,0,1999.0,27.0,0.5853319099645319,0.9955516014234875,4.0,2.0,Yes,2016-12-05,2016
Chicago,0,Apartment,0,1982.0,44.0,0.19228572122456175,0.003558718861209967,1.0,2.0,Yes,2015-03-21,2015
Los Angeles,2,,4,1956.0,70.0,0.8256489368554318,0.6067615658362989,1.0,4.0,No,2022-05-29,2022
New York,3,Villa,3,2019.0,7.0,0.4188347171054507,0.7826957295373665,4.0,3.0,Yes,2022-01-28,2022
San Francisco,4,Villa,3,1964.0,62.0,0.5212940407518512,0.12677935943060498,5.0,4.0,Yes,2020-09-15,2020
Houston,1,Apartment,0,1981.0,45.0,0.14179942114927527,0.501779359430605,4.0,3.0,Yes,2023-09-08,2023
Los Angeles,2,Apartment,0,1969.0,57.0,0.5150008077723538,0.645017793594306,2.0,2.0,No,2022-11-11,2022
Los Angeles,2,Villa,3,1964.0,62.0,0.9834348592311484,0.14412811387900357,4.0,2.0,Yes,2019-05-18,2019
San Francisco,4,Condo,1,1970.0,56.0,0.09383463791208269,0.297153024911032,3.0,1.0,Yes,2021-06-16,2021
New York,3,Condo,1,1975.0,51.0,0.5253761948959346,0.6283362989323843,4.0,4.0,Yes,2021-07-02,2021
San Francisco,4,Condo,1,2006.0,20.0,0.1873345518552894,0.7866992882562277,2.0,2.0,No,2012-12-18,2012
San Francisco,4,Villa,3,1986.0,40.0,0.95545109070386,0.23020462633451957,1.0,4.0,No,2018-10-09,2018
Houston,1,Villa,3,2007.0,19.0,0.41128389344162763,0.9744217081850535,5.0,1.0,No,2014-09-24,2014
Chicago,0,Villa,3,1970.0,56.0,0.8056563071182166,0.8843416370106761,3.0,4.0,Yes,2010-08-22,2010
New York,3,Apartment,0,2018.0,8.0,0.25095216826162103,0.6581405693950177,5.0,1.0,,2012-04-26,2012
Chicago,0,Condo,1,1952.0,74.0,0.031771323342298013,0.7170818505338078,3.0,2.0,Yes,2019-12-27,2019
Chicago,0,Townhouse,2,1986.0,40.0,0.24886357516876104,0.24377224199288258,4.0,3.0,,2018-01-01,2018
San Francisco,4,,4,1998.0,28.0,0.7308354689144911,0.516459074733096,2.0,1.0,Yes,2012-12-25,2012
Houston,1,Townhouse,2,1968.0,58.0,0.7953759520362725,0.20840747330960854,4.0,2.0,No,2019-01-16,2019
Los Angeles,2,Apartment,0,1961.0,65.0,0.5071099805817861,0.826067615658363,3.0,2.0,Yes,2013-12-25,2013
Houston,1,Apartment,0,2010.0,16.0,0.6483909491483544,0.7588967971530249,3.0,3.0,,2014-11-17,2014
Unknown,5,Townhouse,2,1982.0,44.0,0.2991080714936608,0.12633451957295375,1.0,2.0,Yes,2013-11-20,2013
Houston,1,Apartment,0,1999.0,27.0,0.9629501747005698,0.6454626334519573,2.0,1.0,Yes,2017-11-22,2017
New York,3,Villa,3,2017.0,9.0,0.9037906169585733,0.5567170818505338,4.0,1.0,Yes,2011-03-28,2011
Chicago,0,Townhouse,2,2020.0,6.0,0.9274176943326057,0.20351423487544482,4.0,3.0,,2012-03-03,2012
New York,3,Condo,1,1982.0,44.0,0.3648258960201637,0.41637010676156583,5.0,3.0,Yes,2020-09-01,2020
Chicago,0,Apartment,0,2010.0,16.0,0.10156391063186804,0.13634341637010677,3.0,1.0,Yes,2015-09-01,2015
Los Angeles,2,Apartment,0,2010.0,16.0,0.5673497358637197,0.38856761565836295,3.0,3.0,No,2021-02-03,2021
Chicago,0,Villa,3,1977.0,49.0,0.8593810879901672,0.8503113879003559,4.0,3.0,Yes,2013-09-01,2013
San Francisco,4,,4,2007.0,19.0,0.5376268809744796,0.9310498220640568,5.0,4.0,Yes,2017-06-26,2017
San Francisco,4,Condo,1,1990.0,36.0,0.93227066392552,0.7791370106761566,2.0,2.0,Yes,2019-11-22,2019
Los Angeles,2,Townhouse,2,1988.0,38.0,0.40165186806596065,0.7724644128113879,1.0,1.0,No,2013-01-03,2013
Houston,1,,4,1998.0,28.0,0.3731876597726199,0.2520017793594306,4.0,3.0,Yes,2013-02-06,2013
Chicago,0,Villa,3,1966.0,60.0,0.6683476778920625,0.5163677654991572,3.0,4.0,No,2018-07-30,2018
Houston,1,Condo,1,2019.0,7.0,0.6081797245971432,0.08274021352313168,2.0,1.0,,2022-09-30,2022
New York,3,Apartment,0,2019.0,7.0,0.9074894752013886,0.04537366548042704,4.0,3.0,Yes,2016-09-04,2016
Unknown,5,Townhouse,2,1954.0,72.0,0.6338552704242335,0.2533362989323843,4.0,3.0,Yes,2021-11-10,2021
Houston,1,Apartment,0,1951.0,75.0,0.2914347620872837,0.597864768683274,2.0,1.0,Yes,2018-11-10,2018
New York,3,Apartment,0,1971.0,55.0,0.3856379131386021,0.7235320284697508,2.0,1.0,Yes,2017-12-29,2017
Los Angeles,2,Townhouse,2,2006.0,20.0,0.2804860149791616,0.019350533807829196,5.0,1.0,Yes,2019-06-28,2019
San Francisco,4,Townhouse,2,2015.0,11.0,0.4793616803354419,0.9132562277580072,5.0,2.0,No,2022-05-25,2022
Chicago,0,Condo,1,1965.0,61.0,0.8985089472667199,0.6712633451957295,1.0,3.0,Yes,2020-10-17,2020
Houston,1,Villa,3,2000.0,26.0,0.40708453311285897,0.4125889679715302,2.0,2.0,No,2010-10-15,2010
San Francisco,4,Townhouse,2,1988.0,38.0,0.3228555227870997,0.1783807829181495,2.0,1.0,No,2018-02-05,2018
Chicago,0,Townhouse,2,1989.0,37.0,0.8464060465720358,0.20951957295373666,2.0,4.0,Yes,2014-04-30,2014
Chicago,0,Villa,3,1987.0,39.0,0.15915227195213763,0.6198843416370107,5.0,3.0,Yes,2016-09-04,2016
New York,3,Townhouse,2,2009.0,17.0,0.055142870115485035,0.861432384341637,4.0,2.0,Yes,2014-07-11,2014
Los Angeles,2,Townhouse,2,2008.0,18.0,0.49797423364577753,0.35765124555160144,3.0,3.0,Yes,2019-11-18,2019
Los Angeles,2,Condo,1,1959.0,67.0,0.7095504034110166,0.6496886120996441,5.0,4.0,No,2014-06-27,2014
San Francisco,4,Apartment,0,2013.0,13.0,0.43974810173496826,0.8629893238434163,2.0,2.0,Yes,2015-04-25,2015
Unknown,5,Apartment,0,2012.0,14.0,0.5052072279259044,0.7159697508896797,5.0,1.0,No,2012-01-09,2012
Houston,1,Apartment,0,1998.0,28.0,0.621773530197487,0.9762010676156583,1.0,2.0,Yes,2014-03-24,2014
Los Angeles,2,Apartment,0,2013.0,13.0,0.8141817371646027,0.5304715302491103,2.0,3.0,Yes,2022-04-25,2022
Los Angeles,2,Villa,3,1956.0,70.0,0.6437185404345498,0.5702846975088968,2.0,3.0,Yes,2016-02-04,2016
Houston,1,Villa,3,1970.0,56.0,0.6632972528348585,0.21641459074733096,5.0,3.0,No,2019-06-09,2019
Unknown,5,Condo,1,1975.0,51.0,0.12750554617554105,0.5163677654991572,3.0,2.0,Yes,2011-06-09,2011
New York,3,Villa,3,1964.0,62.0,0.8850650811098474,0.48932384341637014,5.0,1.0,No,2013-03-23,2013
Unknown,5,Apartment,0,1976.0,50.0,0.3148031411257496,0.9501779359430604,5.0,3.0,Yes,2018-10-08,2018
New York,3,Townhouse,2,2007.0,19.0,0.303211343869219,0.40613879003558717,3.0,3.0,No,2020-02-26,2020
Houston,1,Townhouse,2,1975.0,51.0,0.11547765743905541,0.10275800711743771,2.0,4.0,No,2022-04-16,2022
Houston,1,Townhouse,2,2012.0,14.0,0.02566076306505788,0.7322064056939501,4.0,3.0,Yes,2022-01-22,2022
Los Angeles,2,Condo,1,2015.0,11.0,0.7748036268450734,0.27313167259786475,5.0,2.0,Yes,2010-09-02,2010
San Francisco,4,Villa,3,1974.0,52.0,0.36029286763409285,0.5898576512455516,4.0,3.0,No,2018-06-07,2018
New York,3,Condo,1,2021.0,5.0,0.5730896711785768,0.8458629893238434,3.0,1.0,No,2023-05-13,2023
Los Angeles,2,Villa,3,1993.0,33.0,0.6064364145888966,0.5163677654991572,3.0,1.0,No,2017-09-09,2017
Houston,1,Apartment,0,1991.0,35.0,0.5137579998500604,0.6968416370106761,2.0,1.0,Yes,2018-07-13,2018
Chicago,0,Condo,1,1988.0,38.0,0.13259609587254723,0.3434163701067615,5.0,4.0,,2013-05-30,2013
New York,3,Villa,3,2001.0,25.0,0.034233709132262424,0.24288256227758007,2.0,4.0,Yes,2022-06-16,2022
San Francisco,4,Condo,1,1999.0,27.0,0.44201619979536433,0.5816281138790036,4.0,3.0,No,2015-04-11,2015
Chicago,0,Townhouse,2,1992.0,34.0,0.3549848001528959,0.1690391459074733,3.0,2.0,No,2016-06-15,2016
San Francisco,4,Townhouse,2,2018.0,8.0,0.3880306087646995,0.9214857651245552,3.0,2.0,No,2012-10-26,2012
Chicago,0,Condo,1,1960.0,66.0,0.6118384582001564,0.7012900355871886,3.0,2.0,,2011-09-05,2011
San Francisco,4,Apartment,0,1957.0,69.0,0.5702672195419666,0.4532918149466192,4.0,1.0,Yes,2010-10-06,2010
San Francisco,4,Townhouse,2,1973.0,53.0,0.6470868983547841,0.12922597864768684,1.0,2.0,,2014-02-21,2014
Chicago,0,Villa,3,1990.0,36.0,0.1264623055406848,0.9628558718861209,2.0,4.0,Yes,2013-05-01,2013
Chicago,0,Condo,1,1985.0,41.0,0.324343302194501,0.46730427046263345,5.0,1.0,Yes,2014-10-05,2014
Unknown,5,Condo,1,2021.0,5.0,0.1607878789798627,0.43149466192170816,2.0,1.0,No,2013-10-10,2013
Houston,1,Apartment,0,2004.0,22.0,0.8939041168936347,0.5163677654991572,4.0,2.0,No,2011-08-07,2011
New York,3,Apartment,0,1958.0,68.0,0.2569951501981418,0.023798932384341637,2.0,3.0,Yes,2011-10-29,2011
San Francisco,4,Condo,1,1996.0,30.0,0.8894608409913319,0.042037366548042715,1.0,3.0,Yes,2018-11-04,2018
Los Angeles,2,Townhouse,2,1964.0,62.0,0.5026181327470911,0.20040035587188612,1.0,3.0,No,2010-08-11,2010
New York,3,Townhouse,2,1997.0,29.0,0.29218657112778745,0.19105871886120998,5.0,2.0,No,2017-12-10,2017
Los Angeles,2,Villa,3,1991.0,35.0,0.32456926727128155,0.24043594306049823,3.0,3.0,No,2017-06-22,2017
Chicago,0,Townhouse,2,2009.0,17.0,0.6168603736448693,0.1439056939501779,4.0,4.0,Yes,2017-12-11,2017
San Francisco,4,Apartment,0,2019.0,7.0,0.33169139083616583,0.9190391459074734,4.0,4.0,Yes,2022-09-02,2022
New York,3,,4,1961.0,65.0,0.3525424766828327,0.8027135231316725,3.0,4.0,No,2011-08-27,2011
New York,3,Townhouse,2,1951.0,75.0,0.6154739617485473,0.14101423487544482,1.0,4.0,Yes,2012-09-16,2012
New York,3,Apartment,0,1956.0,70.0,0.2518760908886446,0.22998220640569397,1.0,1.0,Yes,2010-08-22,2010
New York,3,Condo,1,1952.0,74.0,0.49729422659228817,0.47731316725978645,5.0,3.0,No,2013-01-05,2013
Los Angeles,2,Townhouse,2,1976.0,50.0,0.5354527590441466,0.8592081850533808,5.0,2.0,No,2022-01-22,2022
San Francisco,4,Condo,1,1989.0,37.0,0.3024806530601901,0.7017348754448398,5.0,3.0,Yes,2014-11-25,2014
Chicago,0,Condo,1,1982.0,44.0,0.8323677021991469,0.5163677654991572,2.0,4.0,Yes,2021-07-02,2021
Chicago,0,Villa,3,1950.0,76.0,0.14678543560048105,0.7322064056939501,5.0,1.0,Yes,2017-12-29,2017
Chicago,0,Villa,3,1957.0,69.0,0.4717010418679497,0.9472864768683273,3.0,4.0,Yes,2022-11-27,2022
Chicago,0,Condo,1,1981.0,45.0,0.06351836071839999,0.5400355871886121,2.0,2.0,Yes,2019-03-17,2019
Los Angeles,2,Townhouse,2,1997.0,29.0,0.05784494783268869,0.417482206405694,3.0,3.0,No,2012-06-24,2012
Houston,1,Villa,3,1953.0,73.0,0.13813435207681965,0.5163677654991572,2.0,2.0,Yes,2011-12-26,2011
San Francisco,4,Apartment,0,2019.0,7.0,0.2522287653542742,0.8254003558718861,5.0,2.0,,2011-09-15,2011
New York,3,Apartment,0,1968.0,58.0,0.20138028760919444,0.9172597864768683,3.0,2.0,Yes,2014-03-05,2014
Houston,1,Apartment,0,1981.0,45.0,0.8576662875944115,0.9128113879003559,3.0,3.0,No,2016-03-15,2016
Chicago,0,Townhouse,2,1958.0,68.0,0.8491767585415326,0.44684163701067614,3.0,4.0,No,2013-09-05,2013
Houston,1,Condo,1,1961.0,65.0,0.8139694989382809,0.7497775800711743,2.0,2.0,Yes,2018-06-30,2018
New York,3,Townhouse,2,1995.0,31.0,0.5897741299552609,0.5556049822064058,5.0,1.0,No,2018-09-07,2018
New York,3,Villa,3,1965.0,61.0,0.18128417853775253,0.2862544483985765,3.0,3.0,No,2011-11-21,2011
San Francisco,4,Condo,1,1950.0,76.0,0.6979828921206821,0.32139679715302494,4.0,1.0,No,2011-02-07,2011
Unknown,5,Villa,3,2012.0,14.0,0.454720927850618,0.7110765124555161,5.0,3.0,No,2019-08-22,2019
Chicago,0,Townhouse,2,1970.0,56.0,0.5212623634046389,0.4317170818505338,5.0,4.0,No,2018-10-08,2018
New York,3,Apartment,0,1979.0,47.0,0.3079808964478078,0.707517793594306,3.0,2.0,Yes,2010-05-24,2010
Houston,1,Apartment,0,1962.0,64.0,0.776730665467151,0.7148576512455516,3.0,4.0,No,2023-08-25,2023
Los Angeles,2,Townhouse,2,1983.0,43.0,0.8537594147715692,0.6970640569395018,2.0,3.0,No,2015-09-19,2015
Los Angeles,2,Apartment,0,1953.0,73.0,0.5255757621833717,0.7375444839857651,4.0,2.0,Yes,2011-11-05,2011
San Francisco,4,Condo,1,1977.0,49.0,0.744228651315824,0.6183274021352313,4.0,1.0,Yes,2019-12-27,2019
Chicago,0,Townhouse,2,2008.0,18.0,0.7954984377788266,0.21975088967971532,3.0,3.0,Yes,2019-03-20,2019
Los Angeles,2,Villa,3,1976.0,50.0,0.26973366742375526,0.4784252669039146,5.0,2.0,Yes,2021-08-29,2021
San Francisco,4,Condo,1,1974.0,52.0,0.5071099805817861,0.17215302491103204,5.0,1.0,No,2016-12-03,2016
Houston,1,Townhouse,2,1974.0,52.0,0.9299877831030917,0.11721530249110321,1.0,1.0,Yes,2016-05-26,2016
San Francisco,4,Apartment,0,1969.0,57.0,0.5432485541930776,0.7651245551601423,4.0,2.0,No,2016-11-10,2016
San Francisco,4,Townhouse,2,1975.0,51.0,0.843961611278825,0.2873665480427047,5.0,1.0,Yes,2020-03-19,2020
Houston,1,Townhouse,2,1954.0,72.0,0.233471552158336,0.33896797153024905,1.0,4.0,No,2011-06-28,2011
Houston,1,Condo,1,2010.0,16.0,0.4600902382030918,0.6436832740213523,2.0,4.0,No,2013-12-08,2013
San Francisco,4,Townhouse,2,1958.0,68.0,0.43416021768672997,0.6897241992882562,1.0,2.0,No,2020-12-02,2020
Chicago,0,,4,1955.0,71.0,0.29502486143800366,0.9192615658362988,5.0,1.0,Yes,2021-10-09,2021
Chicago,0,Apartment,0,2009.0,17.0,0.7357581286712724,0.8451957295373665,4.0,1.0,Yes,2018-10-26,2018
Houston,1,Apartment,0,1960.0,66.0,0.35482007794739234,0.09875444839857653,2.0,1.0,Yes,2022-09-02,2022
Houston,1,Apartment,0,2015.0,11.0,0.2506385625242199,0.8703291814946619,3.0,1.0,Yes,2012-05-10,2012
Los Angeles,2,Condo,1,1996.0,30.0,0.7712494284878606,0.69105871886121,1.0,2.0,No,2018-11-17,2018
Unknown,5,Apartment,0,2022.0,4.0,0.5071099805817861,0.27402135231316727,1.0,4.0,No,2020-02-17,2020
Chicago,0,Apartment,0,1952.0,74.0,0.8862508698071587,0.04982206405693951,2.0,1.0,Yes,2023-08-01,2023
San Francisco,4,Townhouse,2,1979.0,47.0,0.27839953370944903,0.9210409252669038,4.0,4.0,Yes,2018-06-30,2018
Chicago,0,Condo,1,1977.0,49.0,0.5071099805817861,0.4065836298932385,1.0,4.0,No,2023-07-27,2023
Los Angeles,2,Villa,3,2011.0,15.0,0.9637949039595628,0.8400800711743772,4.0,1.0,Yes,2011-01-06,2011
Los Angeles,2,Condo,1,1982.0,44.0,0.6264617775848978,0.5163677654991572,2.0,4.0,No,2015-10-03,2015
Chicago,0,Condo,1,1984.0,42.0,0.05176289716793957,0.6394572953736655,1.0,1.0,No,2018-12-03,2018
New York,3,Condo,1,1996.0,30.0,0.9134786056476485,0.45151245551601427,3.0,2.0,No,2017-05-21,2017
New York,3,Villa,3,2007.0,19.0,0.9267250163402315,0.2780249110320284,1.0,4.0,Yes,2011-04-06,2011
Houston,1,Condo,1,2006.0,20.0,0.9879098124806636,0.4179270462633452,2.0,2.0,No,2012-07-30,2012
Chicago,0,Condo,1,1972.0,54.0,0.3064498246658831,0.05938612099644128,5.0,3.0,No,2014-09-10,2014
